-- MySQL dump 10.13  Distrib 8.0.34, for Win64 (x86_64)
--
-- Host: localhost    Database: foodcoming
-- ------------------------------------------------------
-- Server version	8.0.34

/*!40101 SET @OLD_CHARACTER_SET_CLIENT=@@CHARACTER_SET_CLIENT */;
/*!40101 SET @OLD_CHARACTER_SET_RESULTS=@@CHARACTER_SET_RESULTS */;
/*!40101 SET @OLD_COLLATION_CONNECTION=@@COLLATION_CONNECTION */;
/*!50503 SET NAMES utf8 */;
/*!40103 SET @OLD_TIME_ZONE=@@TIME_ZONE */;
/*!40103 SET TIME_ZONE='+00:00' */;
/*!40014 SET @OLD_UNIQUE_CHECKS=@@UNIQUE_CHECKS, UNIQUE_CHECKS=0 */;
/*!40014 SET @OLD_FOREIGN_KEY_CHECKS=@@FOREIGN_KEY_CHECKS, FOREIGN_KEY_CHECKS=0 */;
/*!40101 SET @OLD_SQL_MODE=@@SQL_MODE, SQL_MODE='NO_AUTO_VALUE_ON_ZERO' */;
/*!40111 SET @OLD_SQL_NOTES=@@SQL_NOTES, SQL_NOTES=0 */;

--
-- Table structure for table `cart`
--

DROP TABLE IF EXISTS `cart`;
/*!40101 SET @saved_cs_client     = @@character_set_client */;
/*!50503 SET character_set_client = utf8mb4 */;
CREATE TABLE `cart` (
  `member_id` int DEFAULT NULL,
  `merchant_id` int DEFAULT NULL,
  `item` varchar(255) DEFAULT NULL,
  `piece` varchar(50) DEFAULT NULL,
  `price` varchar(50) DEFAULT NULL,
  KEY `member_id` (`member_id`),
  CONSTRAINT `cart_ibfk_1` FOREIGN KEY (`member_id`) REFERENCES `member` (`id`)
) ENGINE=InnoDB DEFAULT CHARSET=utf8mb4 COLLATE=utf8mb4_0900_ai_ci;
/*!40101 SET character_set_client = @saved_cs_client */;

--
-- Dumping data for table `cart`
--

LOCK TABLES `cart` WRITE;
/*!40000 ALTER TABLE `cart` DISABLE KEYS */;
/*!40000 ALTER TABLE `cart` ENABLE KEYS */;
UNLOCK TABLES;

--
-- Table structure for table `member`
--

DROP TABLE IF EXISTS `member`;
/*!40101 SET @saved_cs_client     = @@character_set_client */;
/*!50503 SET character_set_client = utf8mb4 */;
CREATE TABLE `member` (
  `id` int NOT NULL AUTO_INCREMENT,
  `account` varchar(255) DEFAULT NULL,
  `email` varchar(255) DEFAULT NULL,
  `password` varchar(255) DEFAULT NULL,
  `merchant_id` int DEFAULT NULL,
  `delever_id` int DEFAULT NULL,
  `record_id` int DEFAULT NULL,
  `cart_id` int DEFAULT NULL,
  `phone` varchar(10) DEFAULT NULL,
  PRIMARY KEY (`id`),
  KEY `merchant_id` (`merchant_id`),
  CONSTRAINT `member_ibfk_1` FOREIGN KEY (`merchant_id`) REFERENCES `merchant` (`merchant_id`)
) ENGINE=InnoDB AUTO_INCREMENT=10 DEFAULT CHARSET=utf8mb4 COLLATE=utf8mb4_0900_ai_ci;
/*!40101 SET character_set_client = @saved_cs_client */;

--
-- Dumping data for table `member`
--

LOCK TABLES `member` WRITE;
/*!40000 ALTER TABLE `member` DISABLE KEYS */;
INSERT INTO `member` VALUES (1,'member1','member1@gmail.com','scrypt:32768:8:1$upSChadwbATsN83R$1dbe68e35a20f6e4490eae8bedc8ad146601bf4363f04a5f5952073009558ef1d1da44e90e39ea9982fe0b8ee36be6a986a1552a63b5b289aacf2f35c9a20518',1,NULL,NULL,NULL,'0988877766'),(2,'member2','member2@gmail.com','scrypt:32768:8:1$493Awy0uMJvBsDAm$1b070fe5d25a6734e97c8fdbabcd9f563ef93cd88c6b7ba79f0cdf6a80cd48b1a5052f56e6ea469bd56f6af9041d7882d96574f67422c9c83eddf4a77cda9d21',2,NULL,NULL,NULL,'0978787878'),(3,'member3','member3@gmail.com','scrypt:32768:8:1$6gNKwbp5V92Fblmg$d67c3b1ead634042b461784182dab8a87376b18f59b98278907e10c474ed1cb5110538688dfabd4278ed3df4243e13218f58f6be36441ca6f2805f364058af69',3,NULL,NULL,NULL,'0955666444'),(4,'member4','member4@gmail.com','scrypt:32768:8:1$ZoDj3IuyUa9Arsf8$cdb89d6e69a8e9c2711e2f4e404e44568c4bd4bb0453a480f737a54f750e6a3a7b87125c67c356a6aba8db34621de2f13b053c17b15ad8c0286258cb61c0df89',5,NULL,NULL,NULL,'0988987654'),(5,'member5','member5@gmail.com','scrypt:32768:8:1$tYTS8OToRRMfCxEq$ca5fc1903331d654ca6c725c69f7312daffe55004631b9988e6b8b196db07dcd99557f6ac87fc948d3e59ba470e91c08ccac61e3bdd93e215f67ca414d674d2b',4,NULL,NULL,NULL,'0989753262'),(6,'member6','member6@gmail.com','scrypt:32768:8:1$pkSPlMkLLE9HYJYc$af51325a6d931ac3cdf0d74187b2ffd5e7d269e36a4961e68ca9cf7955b42a2ef219274ff0996b8999ad91d4ac297f5b479b266eeb47b7b4d6dee44a8910752a',NULL,NULL,NULL,NULL,'0966333666'),(7,'','','scrypt:32768:8:1$zMBoWG4xc1eqLQH2$3477ad3653ec7435802b33b9ffad0f68e3fd3ea90e2e498a5ce7d42787ae3ff27588a6b5e58d0f712c79f0998ba60baffa0bdfac4bbb95c7a870b19e2073ec81',NULL,NULL,NULL,NULL,''),(8,'member7','member7@gmail.com','scrypt:32768:8:1$NLG8mdA6Zv6Xfzzl$5b332e69626d6376a492189469068c9cbbf32bcef1fcce6db7fa6a438be49461ad0d4e62f30396aa146b755c5590df0fcfa375c502b34ebba14c7c8f019e4c17',NULL,NULL,NULL,NULL,''),(9,'nick','nick@gmail.com','scrypt:32768:8:1$UXXL0p788MXdKktW$1263a6ff8cc61ee35d0627701faba2577e838966ec92df340fd8670a29519111ec5af5e3ee20130942b5e5868dd30050a726957b2d1791d05a3ee5e174ad704b',NULL,NULL,NULL,NULL,'0988877766');
/*!40000 ALTER TABLE `member` ENABLE KEYS */;
UNLOCK TABLES;

--
-- Table structure for table `menu`
--

DROP TABLE IF EXISTS `menu`;
/*!40101 SET @saved_cs_client     = @@character_set_client */;
/*!50503 SET character_set_client = utf8mb4 */;
CREATE TABLE `menu` (
  `merchant_id` int DEFAULT NULL,
  `dishcategory` varchar(255) DEFAULT NULL,
  `dishname` varchar(255) DEFAULT NULL,
  `dishdescribe` text,
  `dishpicture` text,
  `price` int DEFAULT NULL,
  `start` time DEFAULT NULL,
  `end` time DEFAULT NULL,
  KEY `merchant_id` (`merchant_id`),
  CONSTRAINT `menu_ibfk_1` FOREIGN KEY (`merchant_id`) REFERENCES `merchant` (`merchant_id`)
) ENGINE=InnoDB DEFAULT CHARSET=utf8mb4 COLLATE=utf8mb4_0900_ai_ci;
/*!40101 SET character_set_client = @saved_cs_client */;

--
-- Dumping data for table `menu`
--

LOCK TABLES `menu` WRITE;
/*!40000 ALTER TABLE `menu` DISABLE KEYS */;
INSERT INTO `menu` VALUES (1,'蛋餅','原味蛋餅','可蛋奶素','https://dgz2b3tzb57hl.cloudfront.net/ca3277f3-3359-4014-acfb-d86bc079c1c0.jpeg',30,'05:00:00','13:00:00'),(1,'蛋餅','泡菜蛋餅','使用正統韓式泡菜','https://dgz2b3tzb57hl.cloudfront.net/28f0c9b7-255c-4b2a-a8da-b9693bb8533b.jpeg',40,'05:00:00','13:00:00'),(1,'蛋餅','玉米蛋餅','包覆滿滿金黃玉米','https://dgz2b3tzb57hl.cloudfront.net/f378ddf6-2d35-4e10-8822-866c696dca47.jpeg',40,'05:00:00','13:00:00'),(1,'三明治','總匯三明治','食材包含生菜、肉片、蛋，讓您每 口都營養均衡','https://dgz2b3tzb57hl.cloudfront.net/9c098a10-9288-43b0-a860-48ad8a6246dd.jpeg',50,'05:00:00','13:00:00'),(1,'飲料','豆漿','使用非基改黃豆，當天研磨熬煮而成','https://dgz2b3tzb57hl.cloudfront.net/9cd28879-623e-4309-a049-2e5e3732d62c.jpeg',30,'05:00:00','13:00:00'),(1,'飲料','紅茶','採用正統阿薩姆茶葉，平價享受奢華茶香','https://dgz2b3tzb57hl.cloudfront.net/79583bf8-9a7e-44cf-8844-3661da15eb7c.jpeg',30,'05:00:00','13:00:00'),(1,'飲料','奶茶','採用高牧鮮乳，完美平衡奶香與茶香','https://dgz2b3tzb57hl.cloudfront.net/da2592a6-feb0-471d-ba00-e1552599f4da.jpeg',40,'05:00:00','13:00:00'),(2,'便當','水煮雞肉健康餐盒','低鹽低鈉，輕盈健康','https://dgz2b3tzb57hl.cloudfront.net/fd4958d4-6915-424d-b1c6-4ba45c16ac04.jpeg',120,'11:00:00','20:00:00'),(3,'炸物','綜合炸盤','豐富食材，一份套餐多種享受','https://dgz2b3tzb57hl.cloudfront.net/81da0625-7b1a-4690-9e7b-c5da51ff1c1e.jpeg',120,'15:00:00','21:00:00'),(4,'烤雞','烤全雞','整枝跑山雞烤至外皮焦脆可口','https://dgz2b3tzb57hl.cloudfront.net/750870a4-1312-44aa-ba8c-10396fdc8950.jpeg',300,'10:30:00','20:30:00'),(5,'小籠包','鮮肉湯包','採用台灣本地豬肉','https://dgz2b3tzb57hl.cloudfront.net/0b8b6c1f-d133-4594-8a7d-45590ca091b2.jpeg',70,'06:00:00','22:00:00');
/*!40000 ALTER TABLE `menu` ENABLE KEYS */;
UNLOCK TABLES;

--
-- Table structure for table `merchant`
--

DROP TABLE IF EXISTS `merchant`;
/*!40101 SET @saved_cs_client     = @@character_set_client */;
/*!50503 SET character_set_client = utf8mb4 */;
CREATE TABLE `merchant` (
  `merchant_id` int NOT NULL AUTO_INCREMENT,
  `hostname` varchar(100) NOT NULL,
  `hostemail` varchar(255) DEFAULT NULL,
  `phone` varchar(255) DEFAULT NULL,
  `shopname` varchar(255) NOT NULL,
  `photo` text,
  `shopaddress` varchar(255) NOT NULL,
  `lat` varchar(50) DEFAULT NULL,
  `lng` varchar(50) DEFAULT NULL,
  `start` time DEFAULT NULL,
  `end` time DEFAULT NULL,
  `holiday` varchar(255) DEFAULT NULL,
  `category_id` int DEFAULT NULL,
  `country` varchar(255) DEFAULT NULL,
  `area` varchar(255) DEFAULT NULL,
  PRIMARY KEY (`merchant_id`),
  KEY `category_id` (`category_id`),
  CONSTRAINT `merchant_ibfk_1` FOREIGN KEY (`category_id`) REFERENCES `shop_category` (`category_id`)
) ENGINE=InnoDB AUTO_INCREMENT=1006 DEFAULT CHARSET=utf8mb4 COLLATE=utf8mb4_0900_ai_ci;
/*!40101 SET character_set_client = @saved_cs_client */;

--
-- Dumping data for table `merchant`
--

LOCK TABLES `merchant` WRITE;
/*!40000 ALTER TABLE `merchant` DISABLE KEYS */;
INSERT INTO `merchant` VALUES (1,'firstOne','member1@gmail.com','0911222111','一號早餐店','https://dgz2b3tzb57hl.cloudfront.net/9a490b9f731dcd419d4dcc92185827c9.jpg','台南市永康區台南市永康區新興街34巷80弄80號','23.0097016','120.2297274','05:00:00','13:00:00','星期一',7,'台南市','永康區'),(2,'阿二','member2@gmail.com','0922323232','阿二健康餐點','https://dgz2b3tzb57hl.cloudfront.net/48d62c92f01f0eed2992af44b9759fc9.jpg','台南市永康區新興街34巷80弄56號','23.0096951','120.2298032','11:00:00','20:00:00','星期一',6,'台南市','永康區'),(3,'三號使用者','member3@gmail.com','0922333222','阿三炸物','https://dgz2b3tzb57hl.cloudfront.net/41a08c35-0278-4e8a-8213-1ca589a59cef.jpeg','台南市永康區中正二街370號','23.0422109','120.2427786','15:00:00','21:00:00','星期一',2,'台南市','永康區'),(4,'挖系耦合','member5@gmail.com','0955888555','五號烤雞','https://dgz2b3tzb57hl.cloudfront.net/0fa0c33a-8560-4406-854d-2b98155f939d.jpeg','高雄市三民區義德路9號','22.643007409511604','120.3352535388141','10:30:00','20:30:00','星期一',2,'高雄市',''),(5,'4號業主','4444@gmail.com','0944555444','台南小籠包','https://dgz2b3tzb57hl.cloudfront.net/3b33ee70d9ee49f7.jpg','台南市東區勝利路254號','22.9998659','120.2348599','06:00:00','22:00:00','星期一',1,'台南市',''),(6,'3312',NULL,'0976595160','本寓食堂','https://dgz2b3tzb57hl.cloudfront.net/3b33ee70d9ee49f7.jpg','臺南市南區田寮里西門路１段３３３巷３０號６樓之６','22.9779953','120.1971775','09:00:00','21:00:00','星期一',1,'台南市',NULL),(7,'3311',NULL,'08-9333398#','台東米苔目','https://dgz2b3tzb57hl.cloudfront.net/4ddbdd52-4cda-4aa9-b753-ebfb087e9480.jpeg','臺東縣台東市成功里正氣路１３４號','22.7520776','121.1523266','09:00:00','21:00:00','星期一',2,'臺東縣',NULL),(8,'3310',NULL,'06-2220125#','好好喝茶Enjoying Tea','https://dgz2b3tzb57hl.cloudfront.net/4ddbdd52-4cda-4aa9-b753-ebfb087e9480.jpeg','臺南市安平區通里育平八街１４８號','22.9944562','120.1644804','09:00:00','21:00:00','星期一',3,'台南市',NULL),(9,'3309',NULL,'08-9335665#','富鑫號','https://dgz2b3tzb57hl.cloudfront.net/69031175a710a925f5f26e1441d97daf.jpg','臺東縣台東市成功里正氣路１１８號一樓','22.7519278','121.1526146','09:00:00','21:00:00','星期一',4,'臺東縣',NULL),(10,'3308',NULL,'08-9350769#','二八早餐坊','https://dgz2b3tzb57hl.cloudfront.net/00ef1ae98b0a0fa437ccae3322b22059.jpg','臺東縣台東市成功里正氣路１５７號１樓','22.7519784','121.1521653','09:00:00','21:00:00','星期一',5,'臺東縣',NULL),(11,'3307',NULL,'08-257808#','妍鑫食堂','https://dgz2b3tzb57hl.cloudfront.net/48d62c92f01f0eed2992af44b9759fc9.jpg','臺東縣台東市成功里５鄰復興路１３１號','22.7513267','121.1516126','09:00:00','21:00:00','星期一',6,'臺東縣',NULL),(12,'3306',NULL,'06-2213151#','巷丼食堂','https://dgz2b3tzb57hl.cloudfront.net/9a490b9f731dcd419d4dcc92185827c9.jpg','臺南市中西區南廠里國華街２段１００號１樓','22.9898308','120.196735','09:00:00','21:00:00','星期一',7,'台南市',NULL),(13,'3305',NULL,'06-2222669#','撩咪食堂','https://dgz2b3tzb57hl.cloudfront.net/4e14cb2d8dc1620981d020ce630acdd7.jpg','臺南市南區友愛街248號','22.9924001','120.19554','09:00:00','21:00:00','星期一',8,'台南市',NULL),(14,'3304',NULL,'08-9331881#','大眾魯肉飯店','https://dgz2b3tzb57hl.cloudfront.net/6864e76fd0addf228f1b6a016723b9e3.jpg','臺東縣台東市中正里中正路２８８號','22.7563856','121.1528099','09:00:00','21:00:00','星期一',9,'臺東縣',NULL),(15,'3303',NULL,'06-2231739#','享紘時尚炸雞','https://dgz2b3tzb57hl.cloudfront.net/2df1935ed2e198f2c000d0527e06a7bf.jpg','臺南市中西區府前里友愛街２４６號１樓','22.9923817','120.1956293','09:00:00','21:00:00','星期一',10,'台南市',NULL),(16,'3302',NULL,'08-9359905#','富山柏菁牛肉麵','https://dgz2b3tzb57hl.cloudfront.net/3b33ee70d9ee49f7.jpg','臺東縣台東市中正里１７鄰光明路４２號','22.7574298','121.1538709','09:00:00','21:00:00','星期一',1,'臺東縣',NULL),(17,'3322',NULL,'06-2052422#','森林鹿早午餐','https://dgz2b3tzb57hl.cloudfront.net/4ddbdd52-4cda-4aa9-b753-ebfb087e9480.jpeg','臺南市永康區崑山里大仁街８７號１樓','23.002408','120.2567483','09:00:00','21:00:00','星期一',2,'台南市',NULL),(18,'3321',NULL,'0960111881','四季香','https://dgz2b3tzb57hl.cloudfront.net/4ddbdd52-4cda-4aa9-b753-ebfb087e9480.jpeg','臺南市永康區永康區崑山里００７鄰大仁街７１號１樓','23.0023811','120.2567126','09:00:00','21:00:00','星期一',3,'台南市',NULL),(19,'3317',NULL,'02-23928888#','徐州路2號庭園會館','https://dgz2b3tzb57hl.cloudfront.net/69031175a710a925f5f26e1441d97daf.jpg','臺北市中正區徐州路2號','0','0','09:00:00','21:00:00','星期一',4,'台北市',NULL),(20,'3316',NULL,'08-9330121#','丹堤咖啡','https://dgz2b3tzb57hl.cloudfront.net/00ef1ae98b0a0fa437ccae3322b22059.jpg','臺東縣台東市臺東縣臺東市中山里安慶街２號及４號','22.7539676','121.1519805','09:00:00','21:00:00','星期一',5,'臺東縣',NULL),(21,'3315',NULL,'08-9360087#','品香屋','https://dgz2b3tzb57hl.cloudfront.net/48d62c92f01f0eed2992af44b9759fc9.jpg','臺東縣台東市正氣路114號','22.7519064','121.1526669','09:00:00','21:00:00','星期一',6,'臺東縣',NULL),(22,'3314',NULL,'08-9340660#','梁社漢排骨','https://dgz2b3tzb57hl.cloudfront.net/9a490b9f731dcd419d4dcc92185827c9.jpg','臺東縣台東市中山里大同路１９９號','22.7539222','121.1522286','09:00:00','21:00:00','星期一',7,'臺東縣',NULL),(23,'3313',NULL,'0908796616','李桑香菇肉燥飯','https://dgz2b3tzb57hl.cloudfront.net/4e14cb2d8dc1620981d020ce630acdd7.jpg','臺南市中西區南廠里保安路４７號','22.9902203','120.1965296','09:00:00','21:00:00','星期一',8,'台南市',NULL),(24,'3301',NULL,'06-2215293#','品蓬咖啡館','https://dgz2b3tzb57hl.cloudfront.net/6864e76fd0addf228f1b6a016723b9e3.jpg','臺南市中西區府前路一段196巷17號','22.9896428','120.2050082','09:00:00','21:00:00','星期一',9,'台南市',NULL),(25,'3300',NULL,'08-9348759#','台東福記古早味麵店','https://dgz2b3tzb57hl.cloudfront.net/2df1935ed2e198f2c000d0527e06a7bf.jpg','臺東縣台東市中正里中華路一段１９０號','22.757326','121.1559372','09:00:00','21:00:00','星期一',10,'臺東縣',NULL),(26,'3299',NULL,'08-9346530#','北平刀削麵','https://dgz2b3tzb57hl.cloudfront.net/3b33ee70d9ee49f7.jpg','臺東縣台東市中正里１７鄰中正路１８４號','22.7545702','121.155143','09:00:00','21:00:00','星期一',1,'臺東縣',NULL),(27,'3298',NULL,'08-9329991#','王媽媽牛肉麵','https://dgz2b3tzb57hl.cloudfront.net/4ddbdd52-4cda-4aa9-b753-ebfb087e9480.jpeg','臺東縣台東市中正里廣東路205號１樓','22.7529423','121.1542853','09:00:00','21:00:00','星期一',2,'臺東縣',NULL),(28,'3297',NULL,'08-9333200#','南北餃子館','https://dgz2b3tzb57hl.cloudfront.net/4ddbdd52-4cda-4aa9-b753-ebfb087e9480.jpeg','臺東縣台東市成功里和平街１１７號','22.7525191','121.1527713','09:00:00','21:00:00','星期一',3,'臺東縣',NULL),(29,'3295',NULL,'049-2861789#','頭社羊角村','https://dgz2b3tzb57hl.cloudfront.net/69031175a710a925f5f26e1441d97daf.jpg','南投縣魚池鄉頭社村平和巷46號','23.8246378','120.9077659','09:00:00','21:00:00','星期一',4,'南投縣',NULL),(30,'3292',NULL,'049-2462678#','糯米橋工坊','https://dgz2b3tzb57hl.cloudfront.net/00ef1ae98b0a0fa437ccae3322b22059.jpg','南投縣國姓鄉北港村長北路24-2號','24.0581342','120.9140361','09:00:00','21:00:00','星期一',5,'南投縣',NULL),(31,'3291',NULL,'049-2824005#','老五民宿','https://dgz2b3tzb57hl.cloudfront.net/48d62c92f01f0eed2992af44b9759fc9.jpg','南投縣水里鄉上安村福田路29號','23.7324441','120.8529439','09:00:00','21:00:00','星期一',6,'南投縣',NULL),(32,'3290',NULL,'08-9360666#','水都威尼斯民宿','https://dgz2b3tzb57hl.cloudfront.net/9a490b9f731dcd419d4dcc92185827c9.jpg','臺東縣台東市成功里正氣路７３號','22.7508511','121.1535559','09:00:00','21:00:00','星期一',7,'臺東縣',NULL),(33,'3289',NULL,'08-9220189#','玟妏壽司坊','https://dgz2b3tzb57hl.cloudfront.net/4e14cb2d8dc1620981d020ce630acdd7.jpg','臺東縣台東市正氣路90號','22.7514101','121.153146','09:00:00','21:00:00','星期一',8,'臺東縣',NULL),(34,'3288',NULL,'0981264219','赤兔食堂','https://dgz2b3tzb57hl.cloudfront.net/6864e76fd0addf228f1b6a016723b9e3.jpg','臺東縣台東市中山里福建路248號','22.7516511','121.1515477','09:00:00','21:00:00','星期一',9,'臺東縣',NULL),(35,'3287',NULL,'08-9360228#','不趕時間','https://dgz2b3tzb57hl.cloudfront.net/2df1935ed2e198f2c000d0527e06a7bf.jpg','臺東縣台東市福建路241號','22.7515293','121.1517433','09:00:00','21:00:00','星期一',10,'臺東縣',NULL),(36,'3286',NULL,'08-9350504#','美又惠速食餐飲','https://dgz2b3tzb57hl.cloudfront.net/3b33ee70d9ee49f7.jpg','臺東縣台東市成功里福建路２３９號','22.7516551','121.1516838','09:00:00','21:00:00','星期一',1,'臺東縣',NULL),(37,'3285',NULL,'08-9351300#','愛吃麵館','https://dgz2b3tzb57hl.cloudfront.net/4ddbdd52-4cda-4aa9-b753-ebfb087e9480.jpeg','臺東縣台東市成功里正氣路１２２之１號','22.751968','121.1525251','09:00:00','21:00:00','星期一',2,'臺東縣',NULL),(38,'3284',NULL,'08-9336669#','品鴻餐館','https://dgz2b3tzb57hl.cloudfront.net/4ddbdd52-4cda-4aa9-b753-ebfb087e9480.jpeg','臺東縣台東市新生路32號','22.7504476','121.150926','09:00:00','21:00:00','星期一',3,'臺東縣',NULL),(39,'3283',NULL,'049-2898913#','九族民宿','https://dgz2b3tzb57hl.cloudfront.net/69031175a710a925f5f26e1441d97daf.jpg','南投縣魚池鄉大林村金天巷69/5號','23.8744337','120.9442142','09:00:00','21:00:00','星期一',4,'南投縣',NULL),(40,'3282',NULL,'0937096725','正美茶棧','https://dgz2b3tzb57hl.cloudfront.net/00ef1ae98b0a0fa437ccae3322b22059.jpg','南投縣魚池鄉南投縣魚池鄉大雁村大雁巷42-2號','23.9251344','120.9143847','09:00:00','21:00:00','星期一',5,'南投縣',NULL),(41,'3281',NULL,'02-23117819#','OEC蚌麵','https://dgz2b3tzb57hl.cloudfront.net/48d62c92f01f0eed2992af44b9759fc9.jpg','臺北市中正區台北市中正區中山南路8號B1','25.04423038','121.5188189','09:00:00','21:00:00','星期一',6,'台北市',NULL),(42,'3280',NULL,'02-23117819#','一雙牛肉麵','https://dgz2b3tzb57hl.cloudfront.net/9a490b9f731dcd419d4dcc92185827c9.jpg','臺北市中正區台北市中正區中山南路8號B1','25.0442304','121.5188189','09:00:00','21:00:00','星期一',7,'台北市',NULL),(43,'3279',NULL,'04-24608800#562688','友達台中廠V-hub員工餐廳','https://dgz2b3tzb57hl.cloudfront.net/4e14cb2d8dc1620981d020ce630acdd7.jpg','臺中市西屯區中科路1號','24.20736221','120.6145062','09:00:00','21:00:00','星期一',8,'台中市',NULL),(44,'3277',NULL,'049-2899725#','真滿意餐廳','https://dgz2b3tzb57hl.cloudfront.net/6864e76fd0addf228f1b6a016723b9e3.jpg','南投縣魚池鄉大雁村大雁巷47-7號','23.9200926','120.9185539','09:00:00','21:00:00','星期一',9,'南投縣',NULL),(45,'3276',NULL,'02-82872296#','李記港式燒臘','https://dgz2b3tzb57hl.cloudfront.net/2df1935ed2e198f2c000d0527e06a7bf.jpg','臺北市中正區台北市中正區中山南路8號B1','25.0442304','121.5188189','09:00:00','21:00:00','星期一',10,'台北市',NULL),(46,'3275',NULL,'07-5523311#','八道晟韓式火烤吃到飽裕誠總店','https://dgz2b3tzb57hl.cloudfront.net/3b33ee70d9ee49f7.jpg','高雄市鼓山區龍子里裕誠路１９４８號１樓','22.658645','120.293928','09:00:00','21:00:00','星期一',1,'高雄市',NULL),(47,'3274',NULL,'07-2110300#','NEWLY 歐陸廚房','https://dgz2b3tzb57hl.cloudfront.net/4ddbdd52-4cda-4aa9-b753-ebfb087e9480.jpeg','高雄市新興區中正三路117號','22.6309593','120.3055635','09:00:00','21:00:00','星期一',2,'高雄市',NULL),(48,'3273',NULL,'07-3497177#','阿吉乾麵','https://dgz2b3tzb57hl.cloudfront.net/4ddbdd52-4cda-4aa9-b753-ebfb087e9480.jpeg','高雄市左營區崇德路411號','22.6774304','120.3008389','09:00:00','21:00:00','星期一',3,'高雄市',NULL),(49,'3272',NULL,'07-3450129#','一椒一魚-老罈酸菜魚','https://dgz2b3tzb57hl.cloudfront.net/69031175a710a925f5f26e1441d97daf.jpg','高雄市三民區明仁路53號','22.6614052','120.3141848','09:00:00','21:00:00','星期一',4,'高雄市',NULL),(50,'3271',NULL,'07-3506700#','DELI  PUPPY寵物友善餐廳','https://dgz2b3tzb57hl.cloudfront.net/00ef1ae98b0a0fa437ccae3322b22059.jpg','高雄市三民區明吉路11號','22.6621099','120.3132312','09:00:00','21:00:00','星期一',5,'高雄市',NULL),(51,'3270',NULL,'07-3456186#','綠之屋','https://dgz2b3tzb57hl.cloudfront.net/48d62c92f01f0eed2992af44b9759fc9.jpg','高雄市三民區鼎泰里明哲路２２號','22.6614313','120.3134692','09:00:00','21:00:00','星期一',6,'高雄市',NULL),(52,'3269',NULL,'07-5525262#','呈上鍋鍋物','https://dgz2b3tzb57hl.cloudfront.net/9a490b9f731dcd419d4dcc92185827c9.jpg','高雄市鼓山區龍子里美術東五路５９號','22.6586898','120.2937512','09:00:00','21:00:00','星期一',7,'高雄市',NULL),(53,'3268',NULL,'07-5597758#','舊市羊肉','https://dgz2b3tzb57hl.cloudfront.net/4e14cb2d8dc1620981d020ce630acdd7.jpg','高雄市鼓山區龍子里裕誠路１９５０號','22.6585291','120.2939221','09:00:00','21:00:00','星期一',8,'高雄市',NULL),(54,'3267',NULL,'049-2601463#','清城農莊','https://dgz2b3tzb57hl.cloudfront.net/6864e76fd0addf228f1b6a016723b9e3.jpg','南投縣中寮鄉清水村瀧林巷5-5號','23.9441769','120.79266','09:00:00','21:00:00','星期一',9,'南投縣',NULL),(55,'3266',NULL,'07-3114765#','秋田元氣早餐','https://dgz2b3tzb57hl.cloudfront.net/2df1935ed2e198f2c000d0527e06a7bf.jpg','高雄市三民區安生里自忠街６７號１樓','22.646241','120.311665','09:00:00','21:00:00','星期一',10,'高雄市',NULL),(56,'3264',NULL,'0987248112','鮮聚海產粥','https://dgz2b3tzb57hl.cloudfront.net/3b33ee70d9ee49f7.jpg','高雄市三民區同德里熱河一街６２號','22.6434549','120.3122092','09:00:00','21:00:00','星期一',1,'高雄市',NULL),(57,'3263',NULL,'07-3238968#','朱記湖南炸醬麵','https://dgz2b3tzb57hl.cloudfront.net/4ddbdd52-4cda-4aa9-b753-ebfb087e9480.jpeg','高雄市三民區同德里熱河一街７５號１樓','22.6432783','120.3118696','09:00:00','21:00:00','星期一',2,'高雄市',NULL),(58,'3262',NULL,'07-3137389#','米糕兄','https://dgz2b3tzb57hl.cloudfront.net/4ddbdd52-4cda-4aa9-b753-ebfb087e9480.jpeg','高雄市三民區同德里山東街１３２號','22.6439032','120.3116686','09:00:00','21:00:00','星期一',3,'高雄市',NULL),(59,'3261',NULL,'07-7777237#','鍋濤粵式火鍋-胡椒豬肚雞','https://dgz2b3tzb57hl.cloudfront.net/69031175a710a925f5f26e1441d97daf.jpg','高雄市鳳山區文德里文濱路１２８號','22.6414971','120.3490736','09:00:00','21:00:00','星期一',4,'高雄市',NULL),(60,'3260',NULL,'07-7776180#','金茂宜咖啡','https://dgz2b3tzb57hl.cloudfront.net/00ef1ae98b0a0fa437ccae3322b22059.jpg','高雄市鳳山區文濱路１８６號','22.6442113','120.3500788','09:00:00','21:00:00','星期一',5,'高雄市',NULL),(61,'3259',NULL,'0915563263','菲RaRa義式餐館','https://dgz2b3tzb57hl.cloudfront.net/48d62c92f01f0eed2992af44b9759fc9.jpg','高雄市左營區政德路５８１號','22.6796439','120.301836','09:00:00','21:00:00','星期一',6,'高雄市',NULL),(62,'3258',NULL,'07-3506876#','可味傳統小吃','https://dgz2b3tzb57hl.cloudfront.net/9a490b9f731dcd419d4dcc92185827c9.jpg','高雄市左營區崇德路242-1號1樓','22.675341','120.3046447','09:00:00','21:00:00','星期一',7,'高雄市',NULL),(63,'3257',NULL,'0926776103','新尙品牛排館','https://dgz2b3tzb57hl.cloudfront.net/4e14cb2d8dc1620981d020ce630acdd7.jpg','高雄市左營區崇德路２７５號','22.6757242','120.3035638','09:00:00','21:00:00','星期一',8,'高雄市',NULL),(64,'3256',NULL,'049-2677213#','小半天休閒農業區','https://dgz2b3tzb57hl.cloudfront.net/6864e76fd0addf228f1b6a016723b9e3.jpg','南投縣鹿谷鄉竹林村光復路174-7號','23.7281605','120.7581196','09:00:00','21:00:00','星期一',9,'南投縣',NULL),(65,'3254',NULL,'049-2623678#','饗富餐廳','https://dgz2b3tzb57hl.cloudfront.net/2df1935ed2e198f2c000d0527e06a7bf.jpg','南投縣竹山鎮集山路一段1855號','23.80679333','120.71743707','09:00:00','21:00:00','星期一',10,'南投縣',NULL),(66,'3251',NULL,'0936808279','B.B.CAFE','https://dgz2b3tzb57hl.cloudfront.net/3b33ee70d9ee49f7.jpg','臺南市中西區臺南市中西區民權路二段48號2樓','22.99451256','120.20522567','09:00:00','21:00:00','星期一',1,'台南市',NULL),(67,'3250',NULL,'03-2121001#6132','翼日本料理','https://dgz2b3tzb57hl.cloudfront.net/4ddbdd52-4cda-4aa9-b753-ebfb087e9480.jpeg','桃園市蘆竹區南崁路一段108號1F','25.05199278','121.28792577','09:00:00','21:00:00','星期一',2,'桃園市',NULL),(68,'3249',NULL,'06-9214953#','星光海洋牧場','https://dgz2b3tzb57hl.cloudfront.net/4ddbdd52-4cda-4aa9-b753-ebfb087e9480.jpeg','澎湖縣馬公市菜園里菜園45-5號','23.54975054','119.59707955','09:00:00','21:00:00','星期一',3,'澎湖縣',NULL),(69,'3248',NULL,'0925830937','逗之 apt.DouZ','https://dgz2b3tzb57hl.cloudfront.net/69031175a710a925f5f26e1441d97daf.jpg','臺南市中西區永福路二段158巷2-1號','22.99446466','120.20265277','09:00:00','21:00:00','星期一',4,'台南市',NULL),(70,'3246',NULL,'03-4583588#','新百王餐廳','https://dgz2b3tzb57hl.cloudfront.net/00ef1ae98b0a0fa437ccae3322b22059.jpg','桃園市中壢區天祥三街七號','24.94611552','121.222996','09:00:00','21:00:00','星期一',5,'桃園市',NULL),(71,'3244',NULL,'08-8780185#','新三漁','https://dgz2b3tzb57hl.cloudfront.net/48d62c92f01f0eed2992af44b9759fc9.jpg','屏東縣枋寮鄉義民路209-3號','22.38278738','120.57374484','09:00:00','21:00:00','星期一',6,'屏東縣',NULL),(72,'3242',NULL,'06-5711545#','喬美海鮮碳烤餐廳','https://dgz2b3tzb57hl.cloudfront.net/9a490b9f731dcd419d4dcc92185827c9.jpg','臺南市麻豆區新生北路591號','23.19003299','120.25044837','09:00:00','21:00:00','星期一',7,'台南市',NULL),(73,'3241',NULL,'03-5322331#','Pepper Lunch胡椒廚房-新竹巨城店','https://dgz2b3tzb57hl.cloudfront.net/4e14cb2d8dc1620981d020ce630acdd7.jpg','新竹市東區中央路229號4樓','24.8094861','120.974721','09:00:00','21:00:00','星期一',8,'新竹市',NULL),(74,'3240',NULL,'03-5332023#','星馬快餐Sin Ma Express-新竹巨城店','https://dgz2b3tzb57hl.cloudfront.net/6864e76fd0addf228f1b6a016723b9e3.jpg','新竹市東區中央路229號4樓','24.8094861','120.974721','09:00:00','21:00:00','星期一',9,'新竹市',NULL),(75,'3239',NULL,'04-22210500#','盛煎潮牌鍋貼專賣店-新竹巨城店','https://dgz2b3tzb57hl.cloudfront.net/2df1935ed2e198f2c000d0527e06a7bf.jpg','新竹市東區中央路229號4樓','24.8094861','120.974721','09:00:00','21:00:00','星期一',10,'新竹市',NULL),(76,'3238',NULL,'03-5313613#','光焙若蔬食SUN BERNO-新竹巨城店','https://dgz2b3tzb57hl.cloudfront.net/3b33ee70d9ee49f7.jpg','新竹市東區中央路229號5樓','24.8094337','120.9749908','09:00:00','21:00:00','星期一',1,'新竹市',NULL),(77,'3237',NULL,'03-5356675#','藍象廷泰式火鍋-新竹巨城店','https://dgz2b3tzb57hl.cloudfront.net/4ddbdd52-4cda-4aa9-b753-ebfb087e9480.jpeg','新竹市東區中央路229號8樓','24.8100491','120.9742328','09:00:00','21:00:00','星期一',2,'新竹市',NULL),(78,'3236',NULL,'03-5351558#','姜滿堂존맛탱-新竹巨城店','https://dgz2b3tzb57hl.cloudfront.net/4ddbdd52-4cda-4aa9-b753-ebfb087e9480.jpeg','新竹市東區中央路229號8樓','24.8100491','120.9742328','09:00:00','21:00:00','星期一',3,'新竹市',NULL),(79,'3235',NULL,'03-5152366#','スシロー壽司郎-新竹巨城店','https://dgz2b3tzb57hl.cloudfront.net/69031175a710a925f5f26e1441d97daf.jpg','新竹市東區中央路229號7樓','24.8094355','120.9749907','09:00:00','21:00:00','星期一',4,'新竹市',NULL),(80,'3234',NULL,'03-5338689#','黑毛屋-新竹巨城店','https://dgz2b3tzb57hl.cloudfront.net/00ef1ae98b0a0fa437ccae3322b22059.jpg','新竹市東區中央路229號7樓','24.8094355','120.9749907','09:00:00','21:00:00','星期一',5,'新竹市',NULL),(81,'3233',NULL,'03-5309261#','鬥牛士牛排專賣店-新竹巨城店','https://dgz2b3tzb57hl.cloudfront.net/48d62c92f01f0eed2992af44b9759fc9.jpg','新竹市東區中央路229號7樓','24.8094355','120.9749907','09:00:00','21:00:00','星期一',6,'新竹市',NULL),(82,'3232',NULL,'03-5333988#','帕泰家 BAAN PHADTHAI-新竹巨城店','https://dgz2b3tzb57hl.cloudfront.net/9a490b9f731dcd419d4dcc92185827c9.jpg','新竹市東區中央路229號7樓','24.8094355','120.9749907','09:00:00','21:00:00','星期一',7,'新竹市',NULL),(83,'3231',NULL,'03-5152152#','開飯川食堂-新竹巨城店','https://dgz2b3tzb57hl.cloudfront.net/4e14cb2d8dc1620981d020ce630acdd7.jpg','新竹市東區中央路229號7樓','24.8094355','120.9749907','09:00:00','21:00:00','星期一',8,'新竹市',NULL),(84,'3230',NULL,'03-5321509#','乾杯燒肉居酒屋-新竹巨城店','https://dgz2b3tzb57hl.cloudfront.net/6864e76fd0addf228f1b6a016723b9e3.jpg','新竹市東區中央路229號7樓','24.8094355','120.9749907','09:00:00','21:00:00','星期一',9,'新竹市',NULL),(85,'3229',NULL,'03-5345111#','涓豆腐-新竹巨城店','https://dgz2b3tzb57hl.cloudfront.net/2df1935ed2e198f2c000d0527e06a7bf.jpg','新竹市東區中央路229號7樓','24.8094355','120.9749907','09:00:00','21:00:00','星期一',10,'新竹市',NULL),(86,'3228',NULL,'03-5311289#','時時香 RICE BAR-新竹巨城店','https://dgz2b3tzb57hl.cloudfront.net/3b33ee70d9ee49f7.jpg','新竹市東區中央路229號7樓','24.8094355','120.9749907','09:00:00','21:00:00','星期一',1,'新竹市',NULL),(87,'3227',NULL,'03-5153088#','京都勝牛-新竹巨城店','https://dgz2b3tzb57hl.cloudfront.net/4ddbdd52-4cda-4aa9-b753-ebfb087e9480.jpeg','新竹市東區中央路229號7樓','24.8094355','120.9749907','09:00:00','21:00:00','星期一',2,'新竹市',NULL),(88,'3226',NULL,'03-5315532#','瓦城泰國料理-新竹巨城店','https://dgz2b3tzb57hl.cloudfront.net/4ddbdd52-4cda-4aa9-b753-ebfb087e9480.jpeg','新竹市東區中央路229號7樓','24.8094355','120.9749907','09:00:00','21:00:00','星期一',3,'新竹市',NULL),(89,'3225',NULL,'03-5338970#','YAYOI彌生軒-新竹巨城店','https://dgz2b3tzb57hl.cloudfront.net/69031175a710a925f5f26e1441d97daf.jpg','新竹市東區中央路229號7樓','24.8094355','120.9749907','09:00:00','21:00:00','星期一',4,'新竹市',NULL),(90,'3224',NULL,'03-5339529#','BELLINI Pasta Pasta-新竹巨城店','https://dgz2b3tzb57hl.cloudfront.net/00ef1ae98b0a0fa437ccae3322b22059.jpg','新竹市東區中央路229號7樓','24.8094355','120.9749907','09:00:00','21:00:00','星期一',5,'新竹市',NULL),(91,'3223',NULL,'03-5359488#','屯京拉麵-新竹巨城店','https://dgz2b3tzb57hl.cloudfront.net/48d62c92f01f0eed2992af44b9759fc9.jpg','新竹市東區中央路229號5樓','24.8094337','120.9749908','09:00:00','21:00:00','星期一',6,'新竹市',NULL),(92,'3222',NULL,'03-6238410#','永旭府城小吃-新竹巨城店','https://dgz2b3tzb57hl.cloudfront.net/9a490b9f731dcd419d4dcc92185827c9.jpg','新竹市東區中央路229號4樓','24.8094861','120.974721','09:00:00','21:00:00','星期一',7,'新竹市',NULL),(93,'3221',NULL,'06-9271005#','藍洞餐廳','https://dgz2b3tzb57hl.cloudfront.net/4e14cb2d8dc1620981d020ce630acdd7.jpg','澎湖縣馬公市新店路197號','23.5679677','119.575638','09:00:00','21:00:00','星期一',8,'澎湖縣',NULL),(94,'3220',NULL,'03-5152322#','Mrs.麻婆豆腐-新竹巨城店','https://dgz2b3tzb57hl.cloudfront.net/6864e76fd0addf228f1b6a016723b9e3.jpg','新竹市中央路229號4樓','24.8094861','120.974721','09:00:00','21:00:00','星期一',9,'新竹市',NULL),(95,'3219',NULL,'06-9271005#','宜客樂海港百匯自助餐廳','https://dgz2b3tzb57hl.cloudfront.net/2df1935ed2e198f2c000d0527e06a7bf.jpg','澎湖縣馬公市新店路197號','23.5679677','119.575638','09:00:00','21:00:00','星期一',10,'澎湖縣',NULL),(96,'2263',NULL,'04-7223808','Q Burger彰化秀傳店','https://dgz2b3tzb57hl.cloudfront.net/3b33ee70d9ee49f7.jpg','彰化縣彰化市中山路一段564號','24.06547769','120.53766491','09:00:00','21:00:00','星期一',1,'彰化縣',NULL),(97,'2262',NULL,'04-7286313','Q Burger彰化長興店','https://dgz2b3tzb57hl.cloudfront.net/4ddbdd52-4cda-4aa9-b753-ebfb087e9480.jpeg','彰化縣彰化市長興街123、123-1號','24.08423107','120.5442989','09:00:00','21:00:00','星期一',2,'彰化縣',NULL),(98,'2261',NULL,'037-550500','Q Burger竹南立達店','https://dgz2b3tzb57hl.cloudfront.net/4ddbdd52-4cda-4aa9-b753-ebfb087e9480.jpeg','苗栗縣竹南鎮立達街33號1樓','24.68874383','120.8775726','09:00:00','21:00:00','星期一',3,'苗栗縣',NULL),(99,'2260',NULL,'037-590965','Q Burger頭份東民店','https://dgz2b3tzb57hl.cloudfront.net/69031175a710a925f5f26e1441d97daf.jpg','苗栗縣頭份市東民路99號','24.68466843','120.90293037','09:00:00','21:00:00','星期一',4,'苗栗縣',NULL),(100,'2259',NULL,'03-4679131','Q Burger平鎮振金店','https://dgz2b3tzb57hl.cloudfront.net/00ef1ae98b0a0fa437ccae3322b22059.jpg','桃園市平鎮區金陵路二段43號','24.94220888','121.22296202','09:00:00','21:00:00','星期一',5,'桃園市',NULL),(101,'2258',NULL,'03-4617001','Q Burger中壢南園店','https://dgz2b3tzb57hl.cloudfront.net/48d62c92f01f0eed2992af44b9759fc9.jpg','桃園市中壢區永福里南園二路77號','24.97152793','121.2338839','09:00:00','21:00:00','星期一',6,'桃園市',NULL),(102,'2257',NULL,'03-3530893','Q Burger南崁六福店','https://dgz2b3tzb57hl.cloudfront.net/9a490b9f731dcd419d4dcc92185827c9.jpg','桃園市蘆竹區六福路158號','25.06004198','121.2972824','09:00:00','21:00:00','星期一',7,'桃園市',NULL),(103,'2256',NULL,'03-2850825','Q Burger中壢莊敬店','https://dgz2b3tzb57hl.cloudfront.net/4e14cb2d8dc1620981d020ce630acdd7.jpg','桃園市中壢區莊敬路117號','24.9697482','121.25749712','09:00:00','21:00:00','星期一',8,'桃園市',NULL),(104,'2255',NULL,'03-3326990','Q Burger桃園自強店','https://dgz2b3tzb57hl.cloudfront.net/6864e76fd0addf228f1b6a016723b9e3.jpg','桃園市桃園區成功里自強路113號1樓','24.99817393','121.3178316','09:00:00','21:00:00','星期一',9,'桃園市',NULL),(105,'2254',NULL,'03-4590180','Q Burger中壢龍岡店','https://dgz2b3tzb57hl.cloudfront.net/2df1935ed2e198f2c000d0527e06a7bf.jpg','桃園市中壢區明德里龍岡路二段77號1樓','24.94621258','121.2292242','09:00:00','21:00:00','星期一',10,'桃園市',NULL),(106,'2253',NULL,'03-3740897','Q Burger八德陸光店','https://dgz2b3tzb57hl.cloudfront.net/3b33ee70d9ee49f7.jpg','桃園市八德區陸光街37號','24.96145935','121.2985161','09:00:00','21:00:00','星期一',1,'桃園市',NULL),(107,'2252',NULL,'03-4570365','Q Burger中壢金陵店','https://dgz2b3tzb57hl.cloudfront.net/4ddbdd52-4cda-4aa9-b753-ebfb087e9480.jpeg','桃園市中壢區金陵路39號','24.94949192','121.2230896','09:00:00','21:00:00','星期一',2,'桃園市',NULL),(108,'2251',NULL,'03-3578845','Q Burger桃園大業店','https://dgz2b3tzb57hl.cloudfront.net/4ddbdd52-4cda-4aa9-b753-ebfb087e9480.jpeg','桃園市桃園區大業路二段171號','25.02033183','121.3102259','09:00:00','21:00:00','星期一',3,'桃園市',NULL),(109,'2239',NULL,'03-4917008','Q Burger平鎮育英店','https://dgz2b3tzb57hl.cloudfront.net/69031175a710a925f5f26e1441d97daf.jpg','桃園市平鎮區育達路87號1樓','24.95138312','121.2111911','09:00:00','21:00:00','星期一',4,'桃園市',NULL),(110,'2238',NULL,'03-4612828','Q Burger中壢榮安店','https://dgz2b3tzb57hl.cloudfront.net/00ef1ae98b0a0fa437ccae3322b22059.jpg','桃園市中壢區榮安十三街230號榮安七街30號','24.9621665','121.2596761','09:00:00','21:00:00','星期一',5,'桃園市',NULL),(111,'2237',NULL,'03-2120975','Q Burger南崁南竹店','https://dgz2b3tzb57hl.cloudfront.net/48d62c92f01f0eed2992af44b9759fc9.jpg','桃園市蘆竹區南竹路一段74號1樓','25.04699728','121.2908997','09:00:00','21:00:00','星期一',6,'桃園市',NULL),(112,'2236',NULL,'03-3692183','Q Burger八德中華店','https://dgz2b3tzb57hl.cloudfront.net/9a490b9f731dcd419d4dcc92185827c9.jpg','桃園市八德區中華路267號','24.9819223','121.2768218','09:00:00','21:00:00','星期一',7,'桃園市',NULL),(113,'2235',NULL,'03-3477838','Q Burger桃園民生店','https://dgz2b3tzb57hl.cloudfront.net/4e14cb2d8dc1620981d020ce630acdd7.jpg','桃園市桃園區民生路328號1樓','24.99664585','121.31212957','09:00:00','21:00:00','星期一',8,'桃園市',NULL),(114,'2234',NULL,'03-2126081','Q Burger南崁忠孝西店','https://dgz2b3tzb57hl.cloudfront.net/6864e76fd0addf228f1b6a016723b9e3.jpg','桃園市蘆竹區忠孝西路6號一樓','25.04459332','121.2931414','09:00:00','21:00:00','星期一',9,'桃園市',NULL),(115,'2233',NULL,'03-3566336','Q Burger桃園民富店','https://dgz2b3tzb57hl.cloudfront.net/2df1935ed2e198f2c000d0527e06a7bf.jpg','桃園市桃園區大業路一段278號','25.0089912','121.3151471','09:00:00','21:00:00','星期一',10,'桃園市',NULL),(116,'2232',NULL,'03-3583905','Q Burger桃園民有店','https://dgz2b3tzb57hl.cloudfront.net/3b33ee70d9ee49f7.jpg','桃園市桃園區民有三街457號一樓','25.012032','121.3141454','09:00:00','21:00:00','星期一',1,'桃園市',NULL),(117,'2231',NULL,'03-4579183','Q Burger中壢林森二店','https://dgz2b3tzb57hl.cloudfront.net/4ddbdd52-4cda-4aa9-b753-ebfb087e9480.jpeg','桃園市中壢區林森路167號','24.94466079','121.2267108','09:00:00','21:00:00','星期一',2,'桃園市',NULL),(118,'2230',NULL,'03-3333123','Q Burger桃園成功店','https://dgz2b3tzb57hl.cloudfront.net/4ddbdd52-4cda-4aa9-b753-ebfb087e9480.jpeg','桃園市桃園區成功路二段21號','24.9936745','121.31477004','09:00:00','21:00:00','星期一',3,'桃園市',NULL),(119,'2229',NULL,'03-3585237','Q Burger桃園大有店','https://dgz2b3tzb57hl.cloudfront.net/69031175a710a925f5f26e1441d97daf.jpg','桃園市桃園區大有路660號一樓之一','25.01676928','121.31669161','09:00:00','21:00:00','星期一',4,'桃園市',NULL),(120,'2228',NULL,'03-3191858','Q Burger桃園德明店','https://dgz2b3tzb57hl.cloudfront.net/00ef1ae98b0a0fa437ccae3322b22059.jpg','桃園市龜山區德明路210號','24.98963455','121.3447874','09:00:00','21:00:00','星期一',5,'桃園市',NULL),(121,'2227',NULL,'03-4026700','Q Burger平鎮育達店','https://dgz2b3tzb57hl.cloudfront.net/48d62c92f01f0eed2992af44b9759fc9.jpg','桃園市平鎮區育達路248號一樓','24.95153781','121.20703777','09:00:00','21:00:00','星期一',6,'桃園市',NULL),(122,'2214',NULL,'03-9558161','Q Burger羅東南門店','https://dgz2b3tzb57hl.cloudfront.net/9a490b9f731dcd419d4dcc92185827c9.jpg','宜蘭縣羅東鎮南門路112號','24.67311273','121.76653372','09:00:00','21:00:00','星期一',7,'宜蘭縣',NULL),(123,'2213',NULL,'02-29882918','Q Burger三重自強店','https://dgz2b3tzb57hl.cloudfront.net/4e14cb2d8dc1620981d020ce630acdd7.jpg','新北市三重區自強路二段7號','25.06907483','121.4903192','09:00:00','21:00:00','星期一',8,'新北市',NULL),(124,'2212',NULL,'02-86680138','Q Burger中和大仁店','https://dgz2b3tzb57hl.cloudfront.net/6864e76fd0addf228f1b6a016723b9e3.jpg','新北市中和區大仁街19巷6號1樓','24.99335855','121.51749027','09:00:00','21:00:00','星期一',9,'新北市',NULL),(125,'2211',NULL,'02-29115618','Q Burger新店建興店','https://dgz2b3tzb57hl.cloudfront.net/2df1935ed2e198f2c000d0527e06a7bf.jpg','新北市新店區建國路72號','24.97618263','121.54063767','09:00:00','21:00:00','星期一',10,'新北市',NULL),(126,'2210',NULL,'02-29999589','Q Burger創英店','https://dgz2b3tzb57hl.cloudfront.net/3b33ee70d9ee49f7.jpg','新北市三重區中興北街236號','25.06074392','121.4687488','09:00:00','21:00:00','星期一',1,'新北市',NULL),(127,'2209',NULL,'02-29961570','Q Burger新莊中美店','https://dgz2b3tzb57hl.cloudfront.net/4ddbdd52-4cda-4aa9-b753-ebfb087e9480.jpeg','新北市新莊區中港路179號','25.04159448','121.45483008','09:00:00','21:00:00','星期一',2,'新北市',NULL),(128,'2208',NULL,'02-29762393','Q Burger三重長安店','https://dgz2b3tzb57hl.cloudfront.net/4ddbdd52-4cda-4aa9-b753-ebfb087e9480.jpeg','新北市三重區長安街73號1樓','25.06732098','121.5014259','09:00:00','21:00:00','星期一',3,'新北市',NULL),(129,'2207',NULL,'02-26800083','Q Burger樹林大有店','https://dgz2b3tzb57hl.cloudfront.net/69031175a710a925f5f26e1441d97daf.jpg','新北市樹林區大有路118號','24.94949801','121.38380764','09:00:00','21:00:00','星期一',4,'新北市',NULL),(130,'2206',NULL,'02-26201186','Q Burger淡水中山北店','https://dgz2b3tzb57hl.cloudfront.net/00ef1ae98b0a0fa437ccae3322b22059.jpg','新北市淡水區中山北路一段149巷28號','25.17818065','121.4428054','09:00:00','21:00:00','星期一',5,'新北市',NULL),(131,'2205',NULL,'02-29963313','Q Burger新莊中華店','https://dgz2b3tzb57hl.cloudfront.net/48d62c92f01f0eed2992af44b9759fc9.jpg','新北市新莊區中華路一段45巷2號','25.03827926','121.4519317','09:00:00','21:00:00','星期一',6,'新北市',NULL),(132,'2204',NULL,'02-22921599','Q Burger五股洲子洋店','https://dgz2b3tzb57hl.cloudfront.net/9a490b9f731dcd419d4dcc92185827c9.jpg','新北市五股區成泰路三段201號','25.09267915','121.44571097','09:00:00','21:00:00','星期一',7,'新北市',NULL),(133,'2203',NULL,'02-29902295','Q Burger新莊中信店','https://dgz2b3tzb57hl.cloudfront.net/4e14cb2d8dc1620981d020ce630acdd7.jpg','新北市新莊區中信街18號','25.05098148','121.4508688','09:00:00','21:00:00','星期一',8,'新北市',NULL),(134,'2202',NULL,'02-29746343','Q Burger三重中正南店','https://dgz2b3tzb57hl.cloudfront.net/6864e76fd0addf228f1b6a016723b9e3.jpg','新北市三重區中正南路49號','25.05955536','121.49375037','09:00:00','21:00:00','星期一',9,'新北市',NULL),(135,'2190',NULL,'02-22888383','Q Burger蘆洲民族店','https://dgz2b3tzb57hl.cloudfront.net/2df1935ed2e198f2c000d0527e06a7bf.jpg','新北市蘆洲區民族路357號','25.09166246','121.47184831','09:00:00','21:00:00','星期一',10,'新北市',NULL),(136,'2189',NULL,'02-29402661','Q Burger中和景德店','https://dgz2b3tzb57hl.cloudfront.net/3b33ee70d9ee49f7.jpg','新北市中和區景德街43號1樓','24.99125973','121.51809565','09:00:00','21:00:00','星期一',1,'新北市',NULL),(137,'2188',NULL,'02-29430512','Q Burger中和秀福店','https://dgz2b3tzb57hl.cloudfront.net/4ddbdd52-4cda-4aa9-b753-ebfb087e9480.jpeg','新北市中和區更生街7號1樓','24.99637765','121.5217073','09:00:00','21:00:00','星期一',2,'新北市',NULL),(138,'2187',NULL,'02-29015532','Q Burger新莊裕民店','https://dgz2b3tzb57hl.cloudfront.net/4ddbdd52-4cda-4aa9-b753-ebfb087e9480.jpeg','新北市新莊區裕民街128號','25.02240311','121.41786867','09:00:00','21:00:00','星期一',3,'新北市',NULL),(139,'2186',NULL,'07-7675423','Q Burger鳳山大明店','https://dgz2b3tzb57hl.cloudfront.net/69031175a710a925f5f26e1441d97daf.jpg','高雄市鳳山區大明路18號1-3樓整棟','22.60699078','120.3420237','09:00:00','21:00:00','星期一',4,'高雄市',NULL),(140,'2185',NULL,'07-5853397','Q Burger高雄左營店','https://dgz2b3tzb57hl.cloudfront.net/00ef1ae98b0a0fa437ccae3322b22059.jpg','高雄市左營區左營大路585號1樓','22.69164488','120.29763557','09:00:00','21:00:00','星期一',5,'高雄市',NULL),(141,'2184',NULL,'07-3600757','Q Burger楠梓元帥店','https://dgz2b3tzb57hl.cloudfront.net/48d62c92f01f0eed2992af44b9759fc9.jpg','高雄市楠梓區三山街8、10、12號','22.71131248','120.28867482','09:00:00','21:00:00','星期一',6,'高雄市',NULL),(142,'2183',NULL,'07-6628884','Q Burger旗山延平店','https://dgz2b3tzb57hl.cloudfront.net/9a490b9f731dcd419d4dcc92185827c9.jpg','高雄市旗山區延平一路78號','22.89822431','120.4821628','09:00:00','21:00:00','星期一',7,'高雄市',NULL),(143,'2182',NULL,'07-7222242','Q Burger高雄四維二店','https://dgz2b3tzb57hl.cloudfront.net/4e14cb2d8dc1620981d020ce630acdd7.jpg','高雄市苓雅區四維二路243、245號1-2樓及地下室','22.62159798','120.317237','09:00:00','21:00:00','星期一',8,'高雄市',NULL),(144,'2181',NULL,'07-7820517','Q Burger高雄進學店','https://dgz2b3tzb57hl.cloudfront.net/6864e76fd0addf228f1b6a016723b9e3.jpg','高雄市大寮區進學路110號1樓','22.60506109','120.39353175','09:00:00','21:00:00','星期一',9,'高雄市',NULL),(145,'2180',NULL,'07-3385703','Q Burger高雄永樂店','https://dgz2b3tzb57hl.cloudfront.net/2df1935ed2e198f2c000d0527e06a7bf.jpg','高雄市苓雅區林森二路11-1號一樓、11號一樓及地下室','22.61649278','120.30783467','09:00:00','21:00:00','星期一',10,'高雄市',NULL),(146,'2179',NULL,'07-3981522','Q Burger高雄大昌店','https://dgz2b3tzb57hl.cloudfront.net/3b33ee70d9ee49f7.jpg','高雄市三民區大昌二路522號','22.65152408','120.3304885','09:00:00','21:00:00','星期一',1,'高雄市',NULL),(147,'2178',NULL,'07-7779392','Q Burger高雄濱山店','https://dgz2b3tzb57hl.cloudfront.net/4ddbdd52-4cda-4aa9-b753-ebfb087e9480.jpeg','高雄市鳳山區濱山街35號1樓','22.64586249','120.35108397','09:00:00','21:00:00','星期一',2,'高雄市',NULL),(148,'2166',NULL,'02-24372776','Q Burger基隆經國店','https://dgz2b3tzb57hl.cloudfront.net/4ddbdd52-4cda-4aa9-b753-ebfb087e9480.jpeg','基隆市復興路275號1樓','25.14933669','121.726233','09:00:00','21:00:00','星期一',3,'基隆市',NULL),(149,'2165',NULL,'02-24520248','Q Burger七堵百福店','https://dgz2b3tzb57hl.cloudfront.net/69031175a710a925f5f26e1441d97daf.jpg','基隆市七堵區福五街48號1樓','25.08355324','121.6990281','09:00:00','21:00:00','星期一',4,'基隆市',NULL),(150,'2164',NULL,'04-23140855','Q Burger西屯洛陽店','https://dgz2b3tzb57hl.cloudfront.net/00ef1ae98b0a0fa437ccae3322b22059.jpg','臺中市西屯區洛陽路109號','24.16721488','120.65142332','09:00:00','21:00:00','星期一',5,'台中市',NULL),(151,'2163',NULL,'04-25343745','Q Burger潭子榮興店','https://dgz2b3tzb57hl.cloudfront.net/48d62c92f01f0eed2992af44b9759fc9.jpg','臺中市潭子區榮興街103、105號1樓','24.19012675','120.70162631','09:00:00','21:00:00','星期一',6,'台中市',NULL),(152,'2162',NULL,'04-23160326','Q Burger台中西屯店','https://dgz2b3tzb57hl.cloudfront.net/9a490b9f731dcd419d4dcc92185827c9.jpg','臺中市西區西屯路二段3號','24.1633125','120.6629071','09:00:00','21:00:00','星期一',7,'台中市',NULL),(153,'2161',NULL,'04-24526909','Q Burger逢甲西安店','https://dgz2b3tzb57hl.cloudfront.net/4e14cb2d8dc1620981d020ce630acdd7.jpg','臺中市西屯區西安街171號','24.18194768','120.6447753','09:00:00','21:00:00','星期一',8,'台中市',NULL),(154,'2160',NULL,'04-23153551','Q Burger西屯重慶店','https://dgz2b3tzb57hl.cloudfront.net/6864e76fd0addf228f1b6a016723b9e3.jpg','臺中市西屯區重慶路339號','24.17037017','120.66204157','09:00:00','21:00:00','星期一',9,'台中市',NULL),(155,'2159',NULL,'04-24266899','Q Burger中清同榮店','https://dgz2b3tzb57hl.cloudfront.net/2df1935ed2e198f2c000d0527e06a7bf.jpg','臺中市北屯區同榮路262號','24.19661374','120.6625449','09:00:00','21:00:00','星期一',10,'台中市',NULL),(156,'2158',NULL,'04-26918865','Q Burger東海遊園店','https://dgz2b3tzb57hl.cloudfront.net/3b33ee70d9ee49f7.jpg','臺中市大肚區遊園路二段135號','24.17169519','120.58000491','09:00:00','21:00:00','星期一',1,'台中市',NULL),(157,'2157',NULL,'04-23592007','Q Burger台中工業店','https://dgz2b3tzb57hl.cloudfront.net/4ddbdd52-4cda-4aa9-b753-ebfb087e9480.jpeg','臺中市西屯區工業區38路19號1樓','24.17617017','120.5893593','09:00:00','21:00:00','星期一',2,'台中市',NULL),(158,'2156',NULL,'04-24212115','Q Burger北屯昌平店','https://dgz2b3tzb57hl.cloudfront.net/4ddbdd52-4cda-4aa9-b753-ebfb087e9480.jpeg','臺中市北屯區昌平路二段146號','24.19363054','120.6829748','09:00:00','21:00:00','星期一',3,'台中市',NULL),(159,'2155',NULL,'04-22386921','Q Burger台中永興店','https://dgz2b3tzb57hl.cloudfront.net/69031175a710a925f5f26e1441d97daf.jpg','臺中市北區永興街340號1樓及地下室','24.1676712','120.68291187','09:00:00','21:00:00','星期一',4,'台中市',NULL),(160,'2154',NULL,'04-24832799','Q Burger大里德芳店','https://dgz2b3tzb57hl.cloudfront.net/00ef1ae98b0a0fa437ccae3322b22059.jpg','臺中市大里區德芳路一段45、47號','24.11372956','120.69064802','09:00:00','21:00:00','星期一',5,'台中市',NULL),(161,'2142',NULL,'04-24528681','Q Burger西屯烈美店','https://dgz2b3tzb57hl.cloudfront.net/48d62c92f01f0eed2992af44b9759fc9.jpg','臺中市西屯區西屯路二段296-20號1-10、1-11','24.17843097','120.64170234','09:00:00','21:00:00','星期一',6,'台中市',NULL),(162,'2141',NULL,'04-23807028','Q Burger台中嶺東店','https://dgz2b3tzb57hl.cloudfront.net/9a490b9f731dcd419d4dcc92185827c9.jpg','臺中市南屯區永春南路87號1樓','24.13838206','120.61089044','09:00:00','21:00:00','星期一',7,'台中市',NULL),(163,'2140',NULL,'04-24522707','Q Burger台中黎明店','https://dgz2b3tzb57hl.cloudfront.net/4e14cb2d8dc1620981d020ce630acdd7.jpg','臺中市西屯區黎明路三段345號1樓+地下室','24.18030317','120.63741634','09:00:00','21:00:00','星期一',8,'台中市',NULL),(164,'2139',NULL,'04-23769890','Q Burger台中華美店','https://dgz2b3tzb57hl.cloudfront.net/6864e76fd0addf228f1b6a016723b9e3.jpg','臺中市西區華美街49號','24.14237657','120.65858634','09:00:00','21:00:00','星期一',9,'台中市',NULL),(165,'2138',NULL,'04-24069685','Q Burger大里大新店','https://dgz2b3tzb57hl.cloudfront.net/2df1935ed2e198f2c000d0527e06a7bf.jpg','臺中市大里區大新街21.23號','24.09947618','120.67892867','09:00:00','21:00:00','星期一',10,'台中市',NULL),(166,'2137',NULL,'04-25680026','Q Burger大雅學府店','https://dgz2b3tzb57hl.cloudfront.net/3b33ee70d9ee49f7.jpg','臺中市大雅區學府路250巷102號1樓','24.22397519','120.6530246','09:00:00','21:00:00','星期一',1,'台中市',NULL),(167,'2136',NULL,'02-28585885','Q Burger北投知行店','https://dgz2b3tzb57hl.cloudfront.net/4ddbdd52-4cda-4aa9-b753-ebfb087e9480.jpeg','臺北市北投區知行路249號','25.12088098','121.46706327','09:00:00','21:00:00','星期一',2,'台北市',NULL),(168,'2135',NULL,'02-22369201','Q Burger文山世新店','https://dgz2b3tzb57hl.cloudfront.net/4ddbdd52-4cda-4aa9-b753-ebfb087e9480.jpeg','臺北市文山區木柵路一段101號1樓及地下室','24.9871716','121.54761027','09:00:00','21:00:00','星期一',3,'台北市',NULL),(169,'2134',NULL,'02-28941027','Q Burger北投大興店','https://dgz2b3tzb57hl.cloudfront.net/69031175a710a925f5f26e1441d97daf.jpg','臺北市北投區大興街48號','25.13012386','121.49953327','09:00:00','21:00:00','星期一',4,'台北市',NULL),(170,'2133',NULL,'02-29308228','Q Burger文山福興店','https://dgz2b3tzb57hl.cloudfront.net/00ef1ae98b0a0fa437ccae3322b22059.jpg','臺北市文山區福興路45號','25.00307703','121.5506281','09:00:00','21:00:00','星期一',5,'台北市',NULL),(171,'2132',NULL,'02-25150024','Q Burger中山農安店','https://dgz2b3tzb57hl.cloudfront.net/48d62c92f01f0eed2992af44b9759fc9.jpg','臺北市中山區農安街170號1樓、地下室','25.06454446','121.53449357','09:00:00','21:00:00','星期一',6,'台北市',NULL),(172,'2131',NULL,'02-28236017','Q Burger北投立農店','https://dgz2b3tzb57hl.cloudfront.net/9a490b9f731dcd419d4dcc92185827c9.jpg','臺北市北投區立農街二段259號1樓','25.11894025','121.51446407','09:00:00','21:00:00','星期一',7,'台北市',NULL),(173,'2284',NULL,'04-23242236#2882','長園中餐廳','https://dgz2b3tzb57hl.cloudfront.net/4e14cb2d8dc1620981d020ce630acdd7.jpg','臺中市西屯區台灣大道2段666號','24.15930469','120.6570906','09:00:00','21:00:00','星期一',8,'台中市',NULL),(174,'2282',NULL,'049-2995757#','承萬尊爵渡假酒店','https://dgz2b3tzb57hl.cloudfront.net/6864e76fd0addf228f1b6a016723b9e3.jpg','南投縣埔里鎮樹人路 131 號','23.95994097','120.9754445','09:00:00','21:00:00','星期一',9,'南投縣',NULL),(175,'2281',NULL,'03-2228922#','樂檸漢堡（桃園南崁中正門市）','https://dgz2b3tzb57hl.cloudfront.net/2df1935ed2e198f2c000d0527e06a7bf.jpg','桃園市蘆竹區中正路142號','25.04690495','121.29253765','09:00:00','21:00:00','星期一',10,'桃園市',NULL),(176,'2280',NULL,'02-82584326#','達客魷魚 中和環球','https://dgz2b3tzb57hl.cloudfront.net/3b33ee70d9ee49f7.jpg','新北市中和區中山路三段122號3F','25.0066821','121.4747789','09:00:00','21:00:00','星期一',1,'新北市',NULL),(177,'2279',NULL,'02-22230383#','果滴滴FutiFudi  中和環球','https://dgz2b3tzb57hl.cloudfront.net/4ddbdd52-4cda-4aa9-b753-ebfb087e9480.jpeg','新北市中和區中山路三段122號3F','25.0066821','121.4747789','09:00:00','21:00:00','星期一',2,'新北市',NULL),(178,'2278',NULL,'02-77312719#','皇廚一品牛排 中和環球','https://dgz2b3tzb57hl.cloudfront.net/4ddbdd52-4cda-4aa9-b753-ebfb087e9480.jpeg','新北市中和區中山路三段122號3F','25.0066821','121.4747789','09:00:00','21:00:00','星期一',3,'新北市',NULL),(179,'2277',NULL,'02-82213316#','日出茶太 中和環球','https://dgz2b3tzb57hl.cloudfront.net/69031175a710a925f5f26e1441d97daf.jpg','新北市中和區中山路三段122號3F','25.0066821','121.4747789','09:00:00','21:00:00','星期一',4,'新北市',NULL),(180,'2276',NULL,'02-77317999#7017','岩手鯛魚燒 中和環球','https://dgz2b3tzb57hl.cloudfront.net/00ef1ae98b0a0fa437ccae3322b22059.jpg','新北市中和區中山路三段122號3F','25.0066821','121.4747789','09:00:00','21:00:00','星期一',5,'新北市',NULL),(181,'2275',NULL,'0982329898','于記杏仁 中和環球','https://dgz2b3tzb57hl.cloudfront.net/48d62c92f01f0eed2992af44b9759fc9.jpg','新北市中和區中山路三段122號3F','25.0066821','121.4747789','09:00:00','21:00:00','星期一',6,'新北市',NULL),(182,'2274',NULL,'0930430916','嚐嚐丼飯 中和環球','https://dgz2b3tzb57hl.cloudfront.net/9a490b9f731dcd419d4dcc92185827c9.jpg','新北市中和區中山路三段122號3F','25.0066821','121.4747789','09:00:00','21:00:00','星期一',7,'新北市',NULL),(183,'2273',NULL,'02-66377718#','勝博殿Exprsss中和環球','https://dgz2b3tzb57hl.cloudfront.net/4e14cb2d8dc1620981d020ce630acdd7.jpg','新北市中和區中山路三段122號3F','25.0066821','121.4747789','09:00:00','21:00:00','星期一',8,'新北市',NULL),(184,'2272',NULL,'049-2754064#','金台灣山莊','https://dgz2b3tzb57hl.cloudfront.net/6864e76fd0addf228f1b6a016723b9e3.jpg','南投縣鹿谷鄉興產路25-3號','23.6886294','120.79071927','09:00:00','21:00:00','星期一',9,'南投縣',NULL),(185,'2271',NULL,'04-22410000#','屋馬崇德有限公司','https://dgz2b3tzb57hl.cloudfront.net/2df1935ed2e198f2c000d0527e06a7bf.jpg','臺中市北屯區崇德路二段369號','24.1796788','120.6857957','09:00:00','21:00:00','星期一',10,'台中市',NULL),(186,'2270',NULL,'04-22260888#','屋馬中友有限公司','https://dgz2b3tzb57hl.cloudfront.net/3b33ee70d9ee49f7.jpg','臺中市北區台中市北區育才北路69號1樓','24.15313161','120.68389957','09:00:00','21:00:00','星期一',1,'台中市',NULL),(187,'2269',NULL,'02-22233417#','繼光香香雞 中和環球','https://dgz2b3tzb57hl.cloudfront.net/4ddbdd52-4cda-4aa9-b753-ebfb087e9480.jpeg','新北市中和區中山路三段122號3F','25.0066821','121.4747789','09:00:00','21:00:00','星期一',2,'新北市',NULL),(188,'2268',NULL,'02-22221985#','凱林鐵板燒 中和環球','https://dgz2b3tzb57hl.cloudfront.net/4ddbdd52-4cda-4aa9-b753-ebfb087e9480.jpeg','新北市中和區中山路三段122號3F','25.0066821','121.47475744','09:00:00','21:00:00','星期一',3,'新北市',NULL),(189,'2267',NULL,'02-82213316#','日出茶太','https://dgz2b3tzb57hl.cloudfront.net/69031175a710a925f5f26e1441d97daf.jpg','新北市中和區中山路三段122號3F','25.0066821','121.4747789','09:00:00','21:00:00','星期一',4,'新北市',NULL),(190,'2266',NULL,'02-22239885#','皇品珍','https://dgz2b3tzb57hl.cloudfront.net/00ef1ae98b0a0fa437ccae3322b22059.jpg','新北市中和區中山路三段122號3F','25.0066821','121.4747789','09:00:00','21:00:00','星期一',5,'新北市',NULL),(191,'2265',NULL,'08-7320852','Q Burger屏東信義店','https://dgz2b3tzb57hl.cloudfront.net/48d62c92f01f0eed2992af44b9759fc9.jpg','屏東縣屏東市信義路46號','22.67235488','120.4840907','09:00:00','21:00:00','星期一',6,'屏東縣',NULL),(192,'2264',NULL,'04-8330292#','Q Burger員林仁愛店','https://dgz2b3tzb57hl.cloudfront.net/9a490b9f731dcd419d4dcc92185827c9.jpg','彰化縣員林市林森路239號','23.95888367','120.577366','09:00:00','21:00:00','星期一',7,'彰化縣',NULL),(193,'2250',NULL,'03-3224003','Q Burger南崁中山店','https://dgz2b3tzb57hl.cloudfront.net/4e14cb2d8dc1620981d020ce630acdd7.jpg','桃園市蘆竹區中山路47號','25.0514839','121.30084647','09:00:00','21:00:00','星期一',8,'桃園市',NULL),(194,'2249',NULL,'03-3716663','Q Burger八德忠勇店','https://dgz2b3tzb57hl.cloudfront.net/6864e76fd0addf228f1b6a016723b9e3.jpg','桃園市八德區忠勇街297號','24.96449818','121.30394962','09:00:00','21:00:00','星期一',9,'桃園市',NULL),(195,'2248',NULL,'03-4567879','Q Burger中壢龍昌店','https://dgz2b3tzb57hl.cloudfront.net/2df1935ed2e198f2c000d0527e06a7bf.jpg','桃園市中壢區龍昌路302號','24.93479731','121.249247','09:00:00','21:00:00','星期一',10,'桃園市',NULL),(196,'2247',NULL,'03-3505985','Q Burger桃園萬壽店','https://dgz2b3tzb57hl.cloudfront.net/3b33ee70d9ee49f7.jpg','桃園市龜山區萬壽路二段731號','24.997641','121.34400574','09:00:00','21:00:00','星期一',1,'桃園市',NULL),(197,'2246',NULL,'03-4352526','Q Burger中壢成章一店','https://dgz2b3tzb57hl.cloudfront.net/4ddbdd52-4cda-4aa9-b753-ebfb087e9480.jpeg','桃園市中壢區成章一街16號','24.97707858','121.25899587','09:00:00','21:00:00','星期一',2,'桃園市',NULL),(198,'2245',NULL,'03-4556200','Q Burger中壢榮民店','https://dgz2b3tzb57hl.cloudfront.net/4ddbdd52-4cda-4aa9-b753-ebfb087e9480.jpeg','桃園市中壢區榮民路166號','24.96652213','121.26075707','09:00:00','21:00:00','星期一',3,'桃園市',NULL),(199,'2244',NULL,'03-3520806','Q Burger南崁南昌店','https://dgz2b3tzb57hl.cloudfront.net/69031175a710a925f5f26e1441d97daf.jpg','桃園市蘆竹區南昌路260號1樓','25.0399691','121.29166057','09:00:00','21:00:00','星期一',4,'桃園市',NULL),(200,'2243',NULL,'03-4226001','Q Burger中壢長江店','https://dgz2b3tzb57hl.cloudfront.net/00ef1ae98b0a0fa437ccae3322b22059.jpg','桃園市中壢區長江路30號','24.95583258','121.22799924','09:00:00','21:00:00','星期一',5,'桃園市',NULL),(201,'2242',NULL,'03-4360878','Q Burger中壢弘揚店','https://dgz2b3tzb57hl.cloudfront.net/48d62c92f01f0eed2992af44b9759fc9.jpg','桃園市中壢區弘揚路55號1樓','24.95344068','121.2406789','09:00:00','21:00:00','星期一',6,'桃園市',NULL),(202,'2241',NULL,'03-4312121','Q Burger楊梅永美店','https://dgz2b3tzb57hl.cloudfront.net/9a490b9f731dcd419d4dcc92185827c9.jpg','桃園市楊梅區永美路466號1樓','24.91527035','121.1795789','09:00:00','21:00:00','星期一',7,'桃園市',NULL),(203,'2240',NULL,'03-3235188','Q Burger桃園大竹店','https://dgz2b3tzb57hl.cloudfront.net/4e14cb2d8dc1620981d020ce630acdd7.jpg','桃園市蘆竹區南竹路五段255號','25.02453881','121.259504','09:00:00','21:00:00','星期一',8,'桃園市',NULL),(204,'2226',NULL,'03-4660282','Q Burger中壢中北店','https://dgz2b3tzb57hl.cloudfront.net/6864e76fd0addf228f1b6a016723b9e3.jpg','桃園市中壢區中北路22號1樓','24.95572191','121.2361976','09:00:00','21:00:00','星期一',9,'桃園市',NULL),(205,'2225',NULL,'03-4698288','Q Burger平鎮南豐店','https://dgz2b3tzb57hl.cloudfront.net/2df1935ed2e198f2c000d0527e06a7bf.jpg','桃園市平鎮區南豐路128號','24.90017905','121.2074576','09:00:00','21:00:00','星期一',10,'桃園市',NULL),(206,'2224',NULL,'03-3350200','Q Burger桃園秀山店','https://dgz2b3tzb57hl.cloudfront.net/3b33ee70d9ee49f7.jpg','桃園市桃園區秀山路105號','24.98832528','121.30162037','09:00:00','21:00:00','星期一',1,'桃園市',NULL),(207,'2223',NULL,'03-3764923','Q Burger桃園桃鶯店','https://dgz2b3tzb57hl.cloudfront.net/4ddbdd52-4cda-4aa9-b753-ebfb087e9480.jpeg','桃園市桃園區桃鶯路287號','24.98308225','121.31904787','09:00:00','21:00:00','星期一',2,'桃園市',NULL),(208,'2222',NULL,'03-2223467','Q Burger南崁福祿店','https://dgz2b3tzb57hl.cloudfront.net/4ddbdd52-4cda-4aa9-b753-ebfb087e9480.jpeg','桃園市蘆竹區五福六路45號','25.05453694','121.29696854','09:00:00','21:00:00','星期一',3,'桃園市',NULL),(209,'2221',NULL,'03-4916187','Q Burger平鎮文化店','https://dgz2b3tzb57hl.cloudfront.net/69031175a710a925f5f26e1441d97daf.jpg','桃園市平鎮區文化街305號','24.95047228','121.20340047','09:00:00','21:00:00','星期一',4,'桃園市',NULL),(210,'2220',NULL,'03-4514337','Q Burger中壢福州店','https://dgz2b3tzb57hl.cloudfront.net/00ef1ae98b0a0fa437ccae3322b22059.jpg','桃園市中壢區福州二街485號','24.9683975','121.2339516','09:00:00','21:00:00','星期一',5,'桃園市',NULL),(211,'2219',NULL,'03-3678158','Q Burger八德福僑店','https://dgz2b3tzb57hl.cloudfront.net/48d62c92f01f0eed2992af44b9759fc9.jpg','桃園市八德區福僑街92號','24.95712855','121.2954112','09:00:00','21:00:00','星期一',6,'桃園市',NULL),(212,'2218',NULL,'03-2289568','Q Burger桃園宏昌店','https://dgz2b3tzb57hl.cloudfront.net/9a490b9f731dcd419d4dcc92185827c9.jpg','桃園市桃園區宏昌六街211號','24.9871907','121.29321027','09:00:00','21:00:00','星期一',7,'桃園市',NULL),(213,'2217',NULL,'03-3181107','Q Burger桃園文興店','https://dgz2b3tzb57hl.cloudfront.net/4e14cb2d8dc1620981d020ce630acdd7.jpg','桃園市龜山區文興路99號','25.05842502','121.3646862','09:00:00','21:00:00','星期一',8,'桃園市',NULL),(214,'2216',NULL,'03-4373574','Q Burger中壢華勛店','https://dgz2b3tzb57hl.cloudfront.net/6864e76fd0addf228f1b6a016723b9e3.jpg','桃園市中壢區華勛街299號','24.94801505','121.26047052','09:00:00','21:00:00','星期一',9,'桃園市',NULL),(215,'2215',NULL,'03-4522029','Q Burger中壢興農店','https://dgz2b3tzb57hl.cloudfront.net/2df1935ed2e198f2c000d0527e06a7bf.jpg','桃園市中壢區興農路118號','24.9735534','121.25770497','09:00:00','21:00:00','星期一',10,'桃園市',NULL),(216,'2201',NULL,'02-29120298','Q Burger新店中華店','https://dgz2b3tzb57hl.cloudfront.net/3b33ee70d9ee49f7.jpg','新北市新店區中華路39號','24.96759793','121.5402377','09:00:00','21:00:00','星期一',1,'新北市',NULL),(217,'2200',NULL,'02-29462197','Q Burger中和復興店','https://dgz2b3tzb57hl.cloudfront.net/4ddbdd52-4cda-4aa9-b753-ebfb087e9480.jpeg','新北市中和區復興路54號','24.9903134','121.50404467','09:00:00','21:00:00','星期一',2,'新北市',NULL),(218,'2199',NULL,'02-26737288','Q Burger三峽北大店','https://dgz2b3tzb57hl.cloudfront.net/4ddbdd52-4cda-4aa9-b753-ebfb087e9480.jpeg','新北市三峽區國際二街37號','24.94292681','121.3721358','09:00:00','21:00:00','星期一',3,'新北市',NULL),(219,'2198',NULL,'02-29879488','Q Burger三重力行店','https://dgz2b3tzb57hl.cloudfront.net/69031175a710a925f5f26e1441d97daf.jpg','新北市三重區力行路一段160號一樓及地下一樓','25.0711568','121.48226112','09:00:00','21:00:00','星期一',4,'新北市',NULL),(220,'2197',NULL,'02-22570118','Q Burger板橋龍泉店','https://dgz2b3tzb57hl.cloudfront.net/00ef1ae98b0a0fa437ccae3322b22059.jpg','新北市板橋區龍泉街83號','25.02498796','121.456762','09:00:00','21:00:00','星期一',5,'新北市',NULL),(221,'2196',NULL,'02-82859155','Q Burger蘆洲復興店','https://dgz2b3tzb57hl.cloudfront.net/48d62c92f01f0eed2992af44b9759fc9.jpg','新北市蘆洲區復興路83號','25.08748606','121.4763816','09:00:00','21:00:00','星期一',6,'新北市',NULL),(222,'2195',NULL,'02-26194767','Q Burger八里中山店','https://dgz2b3tzb57hl.cloudfront.net/9a490b9f731dcd419d4dcc92185827c9.jpg','新北市八里區中山路二段363號','25.14704405','121.39885894','09:00:00','21:00:00','星期一',7,'新北市',NULL),(223,'2194',NULL,'02-22427298','Q Burger中和圓通店','https://dgz2b3tzb57hl.cloudfront.net/4e14cb2d8dc1620981d020ce630acdd7.jpg','新北市中和區圓通路112號1樓','24.99651625','121.49911441','09:00:00','21:00:00','星期一',8,'新北市',NULL),(224,'2193',NULL,'02-26012712','Q Burger林口國小店','https://dgz2b3tzb57hl.cloudfront.net/6864e76fd0addf228f1b6a016723b9e3.jpg','新北市林口區中山路156-1號一樓','25.0789166','121.39084217','09:00:00','21:00:00','星期一',9,'新北市',NULL),(225,'2192',NULL,'02-29436889','Q Burger中和仁愛店','https://dgz2b3tzb57hl.cloudfront.net/2df1935ed2e198f2c000d0527e06a7bf.jpg','新北市中和區仁愛街102號','24.98703973','121.511542','09:00:00','21:00:00','星期一',10,'新北市',NULL),(226,'2191',NULL,'02-86717069','Q Burger三峽復興店','https://dgz2b3tzb57hl.cloudfront.net/3b33ee70d9ee49f7.jpg','新北市三峽區復興路30號1樓','24.93606769','121.374572','09:00:00','21:00:00','星期一',1,'新北市',NULL),(227,'3084',NULL,'08-8611558','麥味登小琉球','https://dgz2b3tzb57hl.cloudfront.net/4ddbdd52-4cda-4aa9-b753-ebfb087e9480.jpeg','屏東縣琉球鄉中山路36-6號','22.3490501','120.379365','09:00:00','21:00:00','星期一',2,'屏東縣',NULL),(228,'3083',NULL,'08-8338229','麥味登東港中山','https://dgz2b3tzb57hl.cloudfront.net/4ddbdd52-4cda-4aa9-b753-ebfb087e9480.jpeg','屏東縣東港鎮中山路59號','22.4663907','120.4505933','09:00:00','21:00:00','星期一',3,'屏東縣',NULL),(229,'3082',NULL,'08-8645859','麥味登南州三民','https://dgz2b3tzb57hl.cloudfront.net/69031175a710a925f5f26e1441d97daf.jpg','屏東縣南州鄉三民路219號','22.4886486','120.5039788','09:00:00','21:00:00','星期一',4,'屏東縣',NULL),(230,'3081',NULL,'08-7891892','麥味登潮州南京','https://dgz2b3tzb57hl.cloudfront.net/00ef1ae98b0a0fa437ccae3322b22059.jpg','屏東縣潮州鎮南京路7號','22.5423912','120.5431623','09:00:00','21:00:00','星期一',5,'屏東縣',NULL),(231,'3080',NULL,'08-7899018','麥味登潮州大同','https://dgz2b3tzb57hl.cloudfront.net/48d62c92f01f0eed2992af44b9759fc9.jpg','屏東縣潮州鎮大同路38號','22.5426835','120.5336583','09:00:00','21:00:00','星期一',6,'屏東縣',NULL),(232,'3079',NULL,'08-7788619','麥味登內埔新光','https://dgz2b3tzb57hl.cloudfront.net/9a490b9f731dcd419d4dcc92185827c9.jpg','屏東縣內埔鄉新光路22號','22.6149446','120.568585','09:00:00','21:00:00','星期一',7,'屏東縣',NULL),(233,'3078',NULL,'08-7220682','麥味登麟洛民族','https://dgz2b3tzb57hl.cloudfront.net/4e14cb2d8dc1620981d020ce630acdd7.jpg','屏東縣麟洛鄉民族路101-6號','22.6527345','120.5283487','09:00:00','21:00:00','星期一',8,'屏東縣',NULL),(234,'3077',NULL,'08-7622227','麥味登長治份仔','https://dgz2b3tzb57hl.cloudfront.net/6864e76fd0addf228f1b6a016723b9e3.jpg','屏東縣長治鄉復興路232號','22.6824321','120.5428637','09:00:00','21:00:00','星期一',9,'屏東縣',NULL),(235,'3076',NULL,'08-7328861','麥味登屏東忠孝','https://dgz2b3tzb57hl.cloudfront.net/2df1935ed2e198f2c000d0527e06a7bf.jpg','屏東縣屏東市忠孝路279號','22.6894755','120.4887959','09:00:00','21:00:00','星期一',10,'屏東縣',NULL),(236,'3075',NULL,'08-7325663','麥味登屏東博愛','https://dgz2b3tzb57hl.cloudfront.net/3b33ee70d9ee49f7.jpg','屏東縣屏東市博愛路436號','22.6861186','120.4808485','09:00:00','21:00:00','星期一',1,'屏東縣',NULL),(237,'3074',NULL,'08-2323755','麥味登金城車站','https://dgz2b3tzb57hl.cloudfront.net/4ddbdd52-4cda-4aa9-b753-ebfb087e9480.jpeg','金門縣金城鎮珠埔北路5巷12弄6號','24.4320647','118.3155101','09:00:00','21:00:00','星期一',2,'金門縣',NULL),(238,'3073',NULL,'08-2311801','麥味登金門金寧','https://dgz2b3tzb57hl.cloudfront.net/4ddbdd52-4cda-4aa9-b753-ebfb087e9480.jpeg','金門縣金寧鄉林湖路295-2號','24.4318754','118.330301','09:00:00','21:00:00','星期一',3,'金門縣',NULL),(239,'3072',NULL,'08-2332003','麥味登金門金湖','https://dgz2b3tzb57hl.cloudfront.net/69031175a710a925f5f26e1441d97daf.jpg','金門縣金湖鎮新湖里環島南路塔后段22號','24.4376544','118.4079745','09:00:00','21:00:00','星期一',4,'金門縣',NULL),(240,'3060',NULL,'07-7482318','麥味登鳳山文衡','https://dgz2b3tzb57hl.cloudfront.net/00ef1ae98b0a0fa437ccae3322b22059.jpg','高雄市鳳山區文雅東街1號','22.6346629','120.3584138','09:00:00','21:00:00','星期一',5,'高雄市',NULL),(241,'3059',NULL,'07-7258808','麥味登鳳山武慶','https://dgz2b3tzb57hl.cloudfront.net/48d62c92f01f0eed2992af44b9759fc9.jpg','高雄市鳳山區武慶二路2號','22.6101913','120.332753','09:00:00','21:00:00','星期一',6,'高雄市',NULL),(242,'3058',NULL,'07-7685150','麥味登鳳山南正','https://dgz2b3tzb57hl.cloudfront.net/9a490b9f731dcd419d4dcc92185827c9.jpg','高雄市鳳山區南正二路30號','22.5980307','120.3340814','09:00:00','21:00:00','星期一',7,'高雄市',NULL),(243,'3057',NULL,'07-7353396','麥味登鳳山文龍東店','https://dgz2b3tzb57hl.cloudfront.net/4e14cb2d8dc1620981d020ce630acdd7.jpg','高雄市鳳山區文龍東路242號','22.6409666','120.3683662','09:00:00','21:00:00','星期一',8,'高雄市',NULL),(244,'3056',NULL,'07-7018883','麥味登鳳山工協','https://dgz2b3tzb57hl.cloudfront.net/6864e76fd0addf228f1b6a016723b9e3.jpg','高雄市鳳山區工協街5號','22.6300752','120.3721803','09:00:00','21:00:00','星期一',9,'高雄市',NULL),(245,'3055',NULL,'07-8315392','麥味登鳳山福誠','https://dgz2b3tzb57hl.cloudfront.net/2df1935ed2e198f2c000d0527e06a7bf.jpg','高雄市鳳山區福誠一街1號','22.5929985','120.3257422','09:00:00','21:00:00','星期一',10,'高雄市',NULL),(246,'3054',NULL,'07-7969626','麥味登鳳山頂庄','https://dgz2b3tzb57hl.cloudfront.net/3b33ee70d9ee49f7.jpg','高雄市鳳山區頂庄路175號1F','22.5882272','120.3613399','09:00:00','21:00:00','星期一',1,'高雄市',NULL),(247,'3053',NULL,'07-7199778','麥味登鳳山大東','https://dgz2b3tzb57hl.cloudfront.net/4ddbdd52-4cda-4aa9-b753-ebfb087e9480.jpeg','高雄市鳳山區大東二路29號1F','22.6203561','120.3601283','09:00:00','21:00:00','星期一',2,'高雄市',NULL),(248,'3052',NULL,'07-7027856','麥味登鳳山誠智','https://dgz2b3tzb57hl.cloudfront.net/4ddbdd52-4cda-4aa9-b753-ebfb087e9480.jpeg','高雄市鳳山區誠智街1號','22.6242199','120.3787241','09:00:00','21:00:00','星期一',3,'高雄市',NULL),(249,'3051',NULL,'07-6118258','麥味登橋頭成功','https://dgz2b3tzb57hl.cloudfront.net/69031175a710a925f5f26e1441d97daf.jpg','高雄市橋頭區成功南路669號','22.7442227','120.3163071','09:00:00','21:00:00','星期一',4,'高雄市',NULL),(250,'3050',NULL,'07-6310620','麥味登阿蓮忠孝','https://dgz2b3tzb57hl.cloudfront.net/00ef1ae98b0a0fa437ccae3322b22059.jpg','高雄市阿蓮區忠孝路136號','22.879188','120.3310715','09:00:00','21:00:00','星期一',5,'高雄市',NULL),(251,'3049',NULL,'07-6973310','麥味登路竹中興','https://dgz2b3tzb57hl.cloudfront.net/48d62c92f01f0eed2992af44b9759fc9.jpg','高雄市路竹區中興路230號','22.8572857','120.2627318','09:00:00','21:00:00','星期一',6,'高雄市',NULL),(252,'3048',NULL,'07-6961008','麥味登路竹國昌','https://dgz2b3tzb57hl.cloudfront.net/9a490b9f731dcd419d4dcc92185827c9.jpg','高雄市路竹區國昌路176號','22.8548695','120.2560578','09:00:00','21:00:00','星期一',7,'高雄市',NULL),(253,'3036',NULL,'07-3590958','麥味登左營重立','https://dgz2b3tzb57hl.cloudfront.net/4e14cb2d8dc1620981d020ce630acdd7.jpg','高雄市左營區重立路136號','22.674128','120.31418','09:00:00','21:00:00','星期一',8,'高雄市',NULL),(254,'3035',NULL,'07-5811811','麥味登左營城峰','https://dgz2b3tzb57hl.cloudfront.net/6864e76fd0addf228f1b6a016723b9e3.jpg','高雄市左營區城峰路6號','22.6716594','120.2874712','09:00:00','21:00:00','星期一',9,'高雄市',NULL),(255,'3034',NULL,'07-3431993','麥味登左營重安','https://dgz2b3tzb57hl.cloudfront.net/2df1935ed2e198f2c000d0527e06a7bf.jpg','高雄市左營區重安路41號','22.6761453','120.2984682','09:00:00','21:00:00','星期一',10,'高雄市',NULL),(256,'3033',NULL,'07-5508558','麥味登河堤光興','https://dgz2b3tzb57hl.cloudfront.net/3b33ee70d9ee49f7.jpg','高雄市左營區光興街58巷13號','22.6602643','120.310959','09:00:00','21:00:00','星期一',1,'高雄市',NULL),(257,'3032',NULL,'07-3509702','麥味登高雄霞海','https://dgz2b3tzb57hl.cloudfront.net/4ddbdd52-4cda-4aa9-b753-ebfb087e9480.jpeg','高雄市左營區榮總路522巷36號','22.6874821','120.3228674','09:00:00','21:00:00','星期一',2,'高雄市',NULL),(258,'3031',NULL,'07-8068252','麥味登小港山明','https://dgz2b3tzb57hl.cloudfront.net/4ddbdd52-4cda-4aa9-b753-ebfb087e9480.jpeg','高雄市小港區山明路82號','22.5657283','120.3661516','09:00:00','21:00:00','星期一',3,'高雄市',NULL),(259,'3030',NULL,'07-8411582','麥味登小港港心','https://dgz2b3tzb57hl.cloudfront.net/69031175a710a925f5f26e1441d97daf.jpg','高雄市小港區小港路170號','22.5650241','120.3374672','09:00:00','21:00:00','星期一',4,'高雄市',NULL),(260,'3029',NULL,'07-7913138','麥味登小港桂華','https://dgz2b3tzb57hl.cloudfront.net/00ef1ae98b0a0fa437ccae3322b22059.jpg','高雄市小港區桂華街11號','22.5831615','120.3620839','09:00:00','21:00:00','星期一',5,'高雄市',NULL),(261,'3028',NULL,'07-3655881','麥味登楠梓樂群','https://dgz2b3tzb57hl.cloudfront.net/48d62c92f01f0eed2992af44b9759fc9.jpg','高雄市楠梓區秀群路539巷45號1F','22.7174199','120.2976939','09:00:00','21:00:00','星期一',6,'高雄市',NULL),(262,'3027',NULL,'07-3640288','麥味登楠梓惠義','https://dgz2b3tzb57hl.cloudfront.net/9a490b9f731dcd419d4dcc92185827c9.jpg','高雄市楠梓區惠義街2號','22.7311246','120.3243864','09:00:00','21:00:00','星期一',7,'高雄市',NULL),(263,'3026',NULL,'07-3655353','麥味登楠梓惠豐','https://dgz2b3tzb57hl.cloudfront.net/4e14cb2d8dc1620981d020ce630acdd7.jpg','高雄市楠梓區惠豐街286號','22.7300705','120.3166042','09:00:00','21:00:00','星期一',8,'高雄市',NULL),(264,'3025',NULL,'07-3642086','麥味登楠梓後昌','https://dgz2b3tzb57hl.cloudfront.net/6864e76fd0addf228f1b6a016723b9e3.jpg','高雄市楠梓區後昌路1138號1F','22.718064','120.291503','09:00:00','21:00:00','星期一',9,'高雄市',NULL),(265,'3012',NULL,'07-2855196','麥味登三民建國','https://dgz2b3tzb57hl.cloudfront.net/2df1935ed2e198f2c000d0527e06a7bf.jpg','高雄市三民區建國三路245號','22.637641','120.296319','09:00:00','21:00:00','星期一',10,'高雄市',NULL),(266,'3011',NULL,'07-3836050','麥味登三民建工','https://dgz2b3tzb57hl.cloudfront.net/3b33ee70d9ee49f7.jpg','高雄市三民區建工路218號1F','22.654623','120.333618','09:00:00','21:00:00','星期一',1,'高雄市',NULL),(267,'3010',NULL,'07-3951121','麥味登三民家福','https://dgz2b3tzb57hl.cloudfront.net/4ddbdd52-4cda-4aa9-b753-ebfb087e9480.jpeg','高雄市三民區莊敬路215號','22.6513894','120.319592','09:00:00','21:00:00','星期一',2,'高雄市',NULL),(268,'3009',NULL,'07-3509872','麥味登三民河堤','https://dgz2b3tzb57hl.cloudfront.net/4ddbdd52-4cda-4aa9-b753-ebfb087e9480.jpeg','高雄市三民區河堤路586號','22.6667557','120.3150722','09:00:00','21:00:00','星期一',3,'高雄市',NULL),(269,'3008',NULL,'07-3106800','麥味登三民鼎新','https://dgz2b3tzb57hl.cloudfront.net/69031175a710a925f5f26e1441d97daf.jpg','高雄市三民區鼎新路76號','22.6624441','120.3233983','09:00:00','21:00:00','星期一',4,'高雄市',NULL),(270,'3007',NULL,'07-3598858','麥味登三民鼎中','https://dgz2b3tzb57hl.cloudfront.net/00ef1ae98b0a0fa437ccae3322b22059.jpg','高雄市三民區鼎中路425號','22.6684591','120.3198932','09:00:00','21:00:00','星期一',5,'高雄市',NULL),(271,'3006',NULL,'07-3927577','麥味登三民鼎華','https://dgz2b3tzb57hl.cloudfront.net/48d62c92f01f0eed2992af44b9759fc9.jpg','高雄市三民區鼎華路188號','22.6522066','120.3164273','09:00:00','21:00:00','星期一',6,'高雄市',NULL),(272,'3005',NULL,'07-3966790','麥味登三民大昌','https://dgz2b3tzb57hl.cloudfront.net/9a490b9f731dcd419d4dcc92185827c9.jpg','高雄市三民區大昌二路392號','22.6493321','120.3319814','09:00:00','21:00:00','星期一',7,'高雄市',NULL),(273,'3004',NULL,'07-3228278','麥味登三民北平','https://dgz2b3tzb57hl.cloudfront.net/4e14cb2d8dc1620981d020ce630acdd7.jpg','高雄市三民區北平二街20號1F','22.650355','120.302465','09:00:00','21:00:00','星期一',8,'高雄市',NULL),(274,'3003',NULL,'07-3486656','麥味登河堤明福','https://dgz2b3tzb57hl.cloudfront.net/6864e76fd0addf228f1b6a016723b9e3.jpg','高雄市三民區明福街42號','22.6620735','120.3130918','09:00:00','21:00:00','星期一',9,'高雄市',NULL),(275,'3002',NULL,'07-3220701','麥味登高醫','https://dgz2b3tzb57hl.cloudfront.net/2df1935ed2e198f2c000d0527e06a7bf.jpg','高雄市三民區山東街214號','22.646902','120.311919','09:00:00','21:00:00','星期一',10,'高雄市',NULL),(276,'3001',NULL,'07-7157882','麥味登廣榛','https://dgz2b3tzb57hl.cloudfront.net/3b33ee70d9ee49f7.jpg','高雄市前鎮區廣東三街184號','22.611908','120.32087','09:00:00','21:00:00','星期一',1,'高雄市',NULL),(277,'3000',NULL,'07-5377030','麥味登前鎮沱江','https://dgz2b3tzb57hl.cloudfront.net/4ddbdd52-4cda-4aa9-b753-ebfb087e9480.jpeg','高雄市前鎮區沱江街137號','22.60746','120.313127','09:00:00','21:00:00','星期一',2,'高雄市',NULL),(278,'2892',NULL,'04-7994037','麥味登彰化大同','https://dgz2b3tzb57hl.cloudfront.net/4ddbdd52-4cda-4aa9-b753-ebfb087e9480.jpeg','彰化縣伸港鄉中興路二段273號','24.16154','120.4869517','09:00:00','21:00:00','星期一',3,'彰化縣',NULL),(279,'2891',NULL,'04-7577366','麥味登彰化德美','https://dgz2b3tzb57hl.cloudfront.net/69031175a710a925f5f26e1441d97daf.jpg','彰化縣和美鎮德美路398號','24.1159682','120.5006274','09:00:00','21:00:00','星期一',4,'彰化縣',NULL),(280,'2890',NULL,'04-7568199','麥味登和美道周','https://dgz2b3tzb57hl.cloudfront.net/00ef1ae98b0a0fa437ccae3322b22059.jpg','彰化縣和美鎮道周路590號','24.1111536','120.4921168','09:00:00','21:00:00','星期一',5,'彰化縣',NULL),(281,'2889',NULL,'04-7784709','麥味登鹿港福星','https://dgz2b3tzb57hl.cloudfront.net/48d62c92f01f0eed2992af44b9759fc9.jpg','彰化縣福興鄉彰鹿路7段541號','24.0483','120.4426383','09:00:00','21:00:00','星期一',6,'彰化縣',NULL),(282,'2888',NULL,'04-7776978','麥味登鹿港自由','https://dgz2b3tzb57hl.cloudfront.net/9a490b9f731dcd419d4dcc92185827c9.jpg','彰化縣鹿港鎮自由路145號','24.0613294','120.4378271','09:00:00','21:00:00','星期一',7,'彰化縣',NULL),(283,'2887',NULL,'04-7776047','麥味登彰化鹿港','https://dgz2b3tzb57hl.cloudfront.net/4e14cb2d8dc1620981d020ce630acdd7.jpg','彰化縣鹿港鎮永安里復興路312號','24.0568437','120.4378309','09:00:00','21:00:00','星期一',8,'彰化縣',NULL),(284,'2886',NULL,'04-7690306','麥味登秀水福工','https://dgz2b3tzb57hl.cloudfront.net/6864e76fd0addf228f1b6a016723b9e3.jpg','彰化縣秀水鄉埔崙村番花路558號','24.0151536','120.4952436','09:00:00','21:00:00','星期一',9,'彰化縣',NULL),(285,'2885',NULL,'04-7680916','麥味登彰化秀水','https://dgz2b3tzb57hl.cloudfront.net/2df1935ed2e198f2c000d0527e06a7bf.jpg','彰化縣秀水鄉彰水路二段547號','24.0300664','120.4960687','09:00:00','21:00:00','星期一',10,'彰化縣',NULL),(286,'2884',NULL,'04-7875183','麥味登彰化彰員','https://dgz2b3tzb57hl.cloudfront.net/3b33ee70d9ee49f7.jpg','彰化縣花壇鄉三春村彰員路一段570號','24.0144314','120.567217','09:00:00','21:00:00','星期一',1,'彰化縣',NULL),(287,'2883',NULL,'04-7866983','麥味登彰化花壇','https://dgz2b3tzb57hl.cloudfront.net/4ddbdd52-4cda-4aa9-b753-ebfb087e9480.jpeg','彰化縣花壇鄉中正路102-1號','24.0273676','120.5446314','09:00:00','21:00:00','星期一',2,'彰化縣',NULL),(288,'2882',NULL,'04-7860272','麥味登花壇街一號','https://dgz2b3tzb57hl.cloudfront.net/4ddbdd52-4cda-4aa9-b753-ebfb087e9480.jpeg','彰化縣花壇鄉花壇街一號','24.0251578','120.5377965','09:00:00','21:00:00','星期一',3,'彰化縣',NULL),(289,'2881',NULL,'04-7617188','麥味登彰化向陽','https://dgz2b3tzb57hl.cloudfront.net/69031175a710a925f5f26e1441d97daf.jpg','彰化縣彰化市向陽里向陽街101號1樓','24.0633452','120.5297783','09:00:00','21:00:00','星期一',4,'彰化縣',NULL),(290,'2880',NULL,'04-7276616#','麥味登彰化建國','https://dgz2b3tzb57hl.cloudfront.net/00ef1ae98b0a0fa437ccae3322b22059.jpg','彰化縣彰化市建國東路29號1樓','24.093517','120.5508448','09:00:00','21:00:00','星期一',5,'彰化縣',NULL),(291,'2868',NULL,'04-26573813','麥味登梧棲媽祖','https://dgz2b3tzb57hl.cloudfront.net/48d62c92f01f0eed2992af44b9759fc9.jpg','臺中市梧棲區中央路一段833之一號','24.2460881','120.5376365','09:00:00','21:00:00','星期一',6,'台中市',NULL),(292,'2867',NULL,'04-26311231','麥味登遠東101 2','https://dgz2b3tzb57hl.cloudfront.net/9a490b9f731dcd419d4dcc92185827c9.jpg','臺中市龍井區遠東街101號','24.1899965','120.5924655','09:00:00','21:00:00','星期一',7,'台中市',NULL),(293,'2866',NULL,'04-26368512','麥味登彤暘','https://dgz2b3tzb57hl.cloudfront.net/4e14cb2d8dc1620981d020ce630acdd7.jpg','臺中市龍井區沙田路六段315-11號','24.2120642','120.5509451','09:00:00','21:00:00','星期一',8,'台中市',NULL),(294,'2865',NULL,'04-26305957','麥味登龍津','https://dgz2b3tzb57hl.cloudfront.net/6864e76fd0addf228f1b6a016723b9e3.jpg','臺中市龍井區中央路一段129號1樓','24.2001415','120.5233451','09:00:00','21:00:00','星期一',9,'台中市',NULL),(295,'2864',NULL,'04-26311006','麥味登東海2','https://dgz2b3tzb57hl.cloudfront.net/2df1935ed2e198f2c000d0527e06a7bf.jpg','臺中市龍井區新興路22巷1號','24.1811204','120.5895082','09:00:00','21:00:00','星期一',10,'台中市',NULL),(296,'2863',NULL,'04-26527732','麥味登西門町','https://dgz2b3tzb57hl.cloudfront.net/3b33ee70d9ee49f7.jpg','臺中市沙鹿區北勢東路658巷1號','24.229771','120.573297','09:00:00','21:00:00','星期一',1,'台中市',NULL),(297,'2862',NULL,'04-26323188','麥味登沙鹿福亨','https://dgz2b3tzb57hl.cloudfront.net/4ddbdd52-4cda-4aa9-b753-ebfb087e9480.jpeg','臺中市沙鹿區鎮南路二段206號','24.222946','120.568998','09:00:00','21:00:00','星期一',2,'台中市',NULL),(298,'2861',NULL,'04-26350715','麥味登沙鹿斗潭','https://dgz2b3tzb57hl.cloudfront.net/4ddbdd52-4cda-4aa9-b753-ebfb087e9480.jpeg','臺中市沙鹿區斗潭路248之3號','24.2268177','120.5551081','09:00:00','21:00:00','星期一',3,'台中市',NULL),(299,'2860',NULL,'04-26651980','麥味登沙鹿成功','https://dgz2b3tzb57hl.cloudfront.net/69031175a710a925f5f26e1441d97daf.jpg','臺中市沙鹿區成功東街70號','24.2419549','120.5631106','09:00:00','21:00:00','星期一',4,'台中市',NULL),(300,'2859',NULL,'04-26622255','麥味登富筑','https://dgz2b3tzb57hl.cloudfront.net/00ef1ae98b0a0fa437ccae3322b22059.jpg','臺中市沙鹿區光華路393號','24.2442339','120.5681534','09:00:00','21:00:00','星期一',5,'台中市',NULL),(301,'2858',NULL,'04-26990056','麥味登大肚育英','https://dgz2b3tzb57hl.cloudfront.net/48d62c92f01f0eed2992af44b9759fc9.jpg','臺中市大肚區育英路1號','24.1534679','120.5468211','09:00:00','21:00:00','星期一',6,'台中市',NULL),(302,'2857',NULL,'04-26913500','麥味登東海童趣','https://dgz2b3tzb57hl.cloudfront.net/9a490b9f731dcd419d4dcc92185827c9.jpg','臺中市大肚區遊園路二段274號','24.1744335','120.58133','09:00:00','21:00:00','星期一',7,'台中市',NULL),(303,'2856',NULL,'04-26999585','麥味登大肚旗艦','https://dgz2b3tzb57hl.cloudfront.net/4e14cb2d8dc1620981d020ce630acdd7.jpg','臺中市大肚區平和街1號','24.1487029','120.5460566','09:00:00','21:00:00','星期一',8,'台中市',NULL),(304,'2844',NULL,'04-25365892','麥味登潭子大新','https://dgz2b3tzb57hl.cloudfront.net/6864e76fd0addf228f1b6a016723b9e3.jpg','臺中市潭子區大新路75巷29號','24.2014288','120.7068489','09:00:00','21:00:00','星期一',9,'台中市',NULL),(305,'2843',NULL,'04-25357119','麥味登台中昌平','https://dgz2b3tzb57hl.cloudfront.net/2df1935ed2e198f2c000d0527e06a7bf.jpg','臺中市潭子區昌平路三段130號','24.2035161','120.6745674','09:00:00','21:00:00','星期一',10,'台中市',NULL),(306,'2842',NULL,'04-25822123','麥味登台中新社','https://dgz2b3tzb57hl.cloudfront.net/3b33ee70d9ee49f7.jpg','臺中市新社區興安路9號','24.2414834','120.8088034','09:00:00','21:00:00','星期一',1,'台中市',NULL),(307,'2841',NULL,'04-25886099','麥味登東勢新盛','https://dgz2b3tzb57hl.cloudfront.net/4ddbdd52-4cda-4aa9-b753-ebfb087e9480.jpeg','臺中市東勢區新盛街155號','24.245969','120.8312081','09:00:00','21:00:00','星期一',2,'台中市',NULL),(308,'2840',NULL,'04-25260080','麥味登豐原圓環','https://dgz2b3tzb57hl.cloudfront.net/4ddbdd52-4cda-4aa9-b753-ebfb087e9480.jpeg','臺中市豐原區圓環南路189號','24.2482469','120.7093702','09:00:00','21:00:00','星期一',3,'台中市',NULL),(309,'2839',NULL,'04-25152075','麥味登豐原榮興','https://dgz2b3tzb57hl.cloudfront.net/69031175a710a925f5f26e1441d97daf.jpg','臺中市豐原區翁明里豐勢路一段283、285號','24.2561921','120.7273199','09:00:00','21:00:00','星期一',4,'台中市',NULL),(310,'2838',NULL,'04-25238777','麥味登豐原南村','https://dgz2b3tzb57hl.cloudfront.net/00ef1ae98b0a0fa437ccae3322b22059.jpg','臺中市豐原區南村路9號','24.252484','120.7258905','09:00:00','21:00:00','星期一',5,'台中市',NULL),(311,'2837',NULL,'0966502024','麥味登豐原佳辰','https://dgz2b3tzb57hl.cloudfront.net/48d62c92f01f0eed2992af44b9759fc9.jpg','臺中市豐原區圓環西路59號','24.252151','120.70872','09:00:00','21:00:00','星期一',6,'台中市',NULL),(312,'2836',NULL,'0903077618','麥味登豐原馥嘉','https://dgz2b3tzb57hl.cloudfront.net/9a490b9f731dcd419d4dcc92185827c9.jpg','臺中市豐原區府前街20號','24.249716','120.719863','09:00:00','21:00:00','星期一',7,'台中市',NULL),(313,'2835',NULL,'04-25280593','麥味登豐原博愛','https://dgz2b3tzb57hl.cloudfront.net/4e14cb2d8dc1620981d020ce630acdd7.jpg','臺中市豐原區博愛街228號1F','24.2461819','120.7171137','09:00:00','21:00:00','星期一',8,'台中市',NULL),(314,'2834',NULL,'04-23385857','麥味登烏日微笑','https://dgz2b3tzb57hl.cloudfront.net/6864e76fd0addf228f1b6a016723b9e3.jpg','臺中市烏日區三榮路一段330號','24.1065652','120.6074981','09:00:00','21:00:00','星期一',9,'台中市',NULL),(315,'2833',NULL,'04-23368876','麥味登烏日信義','https://dgz2b3tzb57hl.cloudfront.net/2df1935ed2e198f2c000d0527e06a7bf.jpg','臺中市烏日區信義街214號','24.1045646','120.6380222','09:00:00','21:00:00','星期一',10,'台中市',NULL),(316,'2832',NULL,'04-23369006','麥味登烏日','https://dgz2b3tzb57hl.cloudfront.net/3b33ee70d9ee49f7.jpg','臺中市烏日區三榮路二段448號','24.1092142','120.5943123','09:00:00','21:00:00','星期一',1,'台中市',NULL),(317,'2820',NULL,'04-22706669','麥味登太平宜昌店','https://dgz2b3tzb57hl.cloudfront.net/4ddbdd52-4cda-4aa9-b753-ebfb087e9480.jpeg','臺中市太平區宜昌里宜昌路483號','24.1471469','120.7151656','09:00:00','21:00:00','星期一',2,'台中市',NULL),(318,'2819',NULL,'04-23953297','麥味登太平新興','https://dgz2b3tzb57hl.cloudfront.net/4ddbdd52-4cda-4aa9-b753-ebfb087e9480.jpeg','臺中市太平區新興路13號','24.1589494','120.7123778','09:00:00','21:00:00','星期一',3,'台中市',NULL),(319,'2818',NULL,'04-22705155','麥味登太平長億','https://dgz2b3tzb57hl.cloudfront.net/69031175a710a925f5f26e1441d97daf.jpg','臺中市太平區長億路52號','24.1181789','120.7194238','09:00:00','21:00:00','星期一',4,'台中市',NULL),(320,'2817',NULL,'04-24719167','麥味登台中大墩','https://dgz2b3tzb57hl.cloudfront.net/00ef1ae98b0a0fa437ccae3322b22059.jpg','臺中市南屯區大墩路80號','24.1389832','120.650097','09:00:00','21:00:00','星期一',5,'台中市',NULL),(321,'2816',NULL,'04-24793607','麥味登善美','https://dgz2b3tzb57hl.cloudfront.net/48d62c92f01f0eed2992af44b9759fc9.jpg','臺中市南屯區黎明路１段130號','24.1471183','120.6084832','09:00:00','21:00:00','星期一',6,'台中市',NULL),(322,'2815',NULL,'04-23863773','麥味登南屯永春','https://dgz2b3tzb57hl.cloudfront.net/9a490b9f731dcd419d4dcc92185827c9.jpg','臺中市南屯區大墩11街793號','24.1481712','120.6337946','09:00:00','21:00:00','星期一',7,'台中市',NULL),(323,'2814',NULL,'04-23805235','麥味登南屯萬和','https://dgz2b3tzb57hl.cloudfront.net/4e14cb2d8dc1620981d020ce630acdd7.jpg','臺中市南屯區永春東路722號','24.1349816','120.6425825','09:00:00','21:00:00','星期一',8,'台中市',NULL),(324,'2813',NULL,'04-23899555','麥味登南屯黎明東','https://dgz2b3tzb57hl.cloudfront.net/6864e76fd0addf228f1b6a016723b9e3.jpg','臺中市南屯區五權西路二段686號','24.1422499','120.6387603','09:00:00','21:00:00','星期一',9,'台中市',NULL),(325,'2812',NULL,'04-23801825','麥味登南屯忠勇店','https://dgz2b3tzb57hl.cloudfront.net/2df1935ed2e198f2c000d0527e06a7bf.jpg','臺中市南屯區忠勇路52-219號','24.143512','120.6143677','09:00:00','21:00:00','星期一',10,'台中市',NULL),(326,'2811',NULL,'04-23807009#','麥味登南屯河南店','https://dgz2b3tzb57hl.cloudfront.net/3b33ee70d9ee49f7.jpg','臺中市南屯區河南路四段472-3號','24.1482584','120.6377417','09:00:00','21:00:00','星期一',1,'台中市',NULL),(327,'2810',NULL,'04-24731680','麥味登大英106','https://dgz2b3tzb57hl.cloudfront.net/4ddbdd52-4cda-4aa9-b753-ebfb087e9480.jpeg','臺中市南屯區大英街106號','24.1436907','120.648927','09:00:00','21:00:00','星期一',2,'台中市',NULL),(328,'2809',NULL,'04-23176558','麥味登台中天水','https://dgz2b3tzb57hl.cloudfront.net/4ddbdd52-4cda-4aa9-b753-ebfb087e9480.jpeg','臺中市西屯區甘肅路１段181號','24.1646504','120.6601683','09:00:00','21:00:00','星期一',3,'台中市',NULL),(329,'2808',NULL,'04-23501827','麥味登台中工業','https://dgz2b3tzb57hl.cloudfront.net/69031175a710a925f5f26e1441d97daf.jpg','臺中市西屯區工業區一路92號1F','24.1764561','120.6140077','09:00:00','21:00:00','星期一',4,'台中市',NULL),(330,'2796',NULL,'04-22991068','麥味登水湳經貿店','https://dgz2b3tzb57hl.cloudfront.net/00ef1ae98b0a0fa437ccae3322b22059.jpg','臺中市北屯區經貿路一段110號地下1層','24.1813135','120.6578047','09:00:00','21:00:00','星期一',5,'台中市',NULL),(331,'2795',NULL,'04-22982766','麥味登水湳中清','https://dgz2b3tzb57hl.cloudfront.net/48d62c92f01f0eed2992af44b9759fc9.jpg','臺中市北屯區中清路二段415巷38號','24.179655','120.6663972','09:00:00','21:00:00','星期一',6,'台中市',NULL),(332,'2794',NULL,'04-22470575','麥味登梅川','https://dgz2b3tzb57hl.cloudfront.net/9a490b9f731dcd419d4dcc92185827c9.jpg','臺中市北屯區瀋陽路二段7號','24.1740754','120.6802343','09:00:00','21:00:00','星期一',7,'台中市',NULL),(333,'2793',NULL,'04-22470315','麥味登崇德六路店','https://dgz2b3tzb57hl.cloudfront.net/4e14cb2d8dc1620981d020ce630acdd7.jpg','臺中市北屯區崇德六路一段70號','24.1801202','120.6940809','09:00:00','21:00:00','星期一',8,'台中市',NULL),(334,'2792',NULL,'04-23960567','麥味登北屯環太東','https://dgz2b3tzb57hl.cloudfront.net/6864e76fd0addf228f1b6a016723b9e3.jpg','臺中市北屯區環太東路508號','24.1595119','120.7311203','09:00:00','21:00:00','星期一',9,'台中市',NULL),(335,'2791',NULL,'04-24360006','麥味登北屯敦富','https://dgz2b3tzb57hl.cloudfront.net/2df1935ed2e198f2c000d0527e06a7bf.jpg','臺中市北屯區敦富二街115號1F','24.1850907','120.7064294','09:00:00','21:00:00','星期一',10,'台中市',NULL),(336,'2790',NULL,'04-23601598#','麥味登台中自強','https://dgz2b3tzb57hl.cloudfront.net/3b33ee70d9ee49f7.jpg','臺中市北區自強街34巷2號','24.1528499','120.6972227','09:00:00','21:00:00','星期一',1,'台中市',NULL),(337,'2789',NULL,'04-22357390#','麥味登台中永興','https://dgz2b3tzb57hl.cloudfront.net/4ddbdd52-4cda-4aa9-b753-ebfb087e9480.jpeg','臺中市北區永興街16號','24.1587016','120.6824406','09:00:00','21:00:00','星期一',2,'台中市',NULL),(338,'2788',NULL,'04-22070051#','麥味登台中五義','https://dgz2b3tzb57hl.cloudfront.net/4ddbdd52-4cda-4aa9-b753-ebfb087e9480.jpeg','臺中市北區五義街133之1號','24.1542339','120.681659','09:00:00','21:00:00','星期一',3,'台中市',NULL),(339,'2787',NULL,'04-22370058#','麥味登台中漢口','https://dgz2b3tzb57hl.cloudfront.net/69031175a710a925f5f26e1441d97daf.jpg','臺中市北區漢口路四段280號1樓','24.1669494','120.6827719','09:00:00','21:00:00','星期一',4,'台中市',NULL),(340,'2786',NULL,'04-22282397#','麥味登台中一宮','https://dgz2b3tzb57hl.cloudfront.net/00ef1ae98b0a0fa437ccae3322b22059.jpg','臺中市西區市府路33-3號','24.137168','120.677344','09:00:00','21:00:00','星期一',5,'台中市',NULL),(341,'2785',NULL,'04-22240977#','麥味登台中五權','https://dgz2b3tzb57hl.cloudfront.net/48d62c92f01f0eed2992af44b9759fc9.jpg','臺中市西區五權路10號','24.1431874','120.6692088','09:00:00','21:00:00','星期一',6,'台中市',NULL),(342,'2784',NULL,'04-24713308#','麥味登台中向上','https://dgz2b3tzb57hl.cloudfront.net/9a490b9f731dcd419d4dcc92185827c9.jpg','臺中市西區向上南路一段127號','24.1448164','120.6562458','09:00:00','21:00:00','星期一',7,'台中市',NULL),(343,'2772',NULL,'03-7352464','麥味登苗栗中山','https://dgz2b3tzb57hl.cloudfront.net/4e14cb2d8dc1620981d020ce630acdd7.jpg','苗栗縣苗栗市中山路487號','24.5594672','120.8208298','09:00:00','21:00:00','星期一',8,'苗栗縣',NULL),(344,'2771',NULL,'03-7363866','麥味登苗栗豪榮','https://dgz2b3tzb57hl.cloudfront.net/6864e76fd0addf228f1b6a016723b9e3.jpg','苗栗縣苗栗市南勢里豪榮3號','24.5253625','120.7960465','09:00:00','21:00:00','星期一',9,'苗栗縣',NULL),(345,'2770',NULL,'03-7724025','麥味登苗栗龍坑','https://dgz2b3tzb57hl.cloudfront.net/2df1935ed2e198f2c000d0527e06a7bf.jpg','苗栗縣後龍鎮龍坑里156之56號','24.596959','120.7838403','09:00:00','21:00:00','星期一',10,'苗栗縣',NULL),(346,'2769',NULL,'03-7725668','麥味登後龍中山','https://dgz2b3tzb57hl.cloudfront.net/3b33ee70d9ee49f7.jpg','苗栗縣後龍鎮中山路191號','24.6129897','120.7926685','09:00:00','21:00:00','星期一',1,'苗栗縣',NULL),(347,'2768',NULL,'03-7670016','麥味登頭份建國','https://dgz2b3tzb57hl.cloudfront.net/4ddbdd52-4cda-4aa9-b753-ebfb087e9480.jpeg','苗栗縣頭份市建國路67號一樓','24.6939133','120.9127353','09:00:00','21:00:00','星期一',2,'苗栗縣',NULL),(348,'2767',NULL,'03-7696426','麥味登頭份好旺','https://dgz2b3tzb57hl.cloudfront.net/4ddbdd52-4cda-4aa9-b753-ebfb087e9480.jpeg','苗栗縣頭份市富強三街101號','24.6874265','120.8964693','09:00:00','21:00:00','星期一',3,'苗栗縣',NULL),(349,'2766',NULL,'03-7626410','麥味登頭份晨安','https://dgz2b3tzb57hl.cloudfront.net/69031175a710a925f5f26e1441d97daf.jpg','苗栗縣頭份市田寮里10鄰自強路二段556號','24.6826307','120.8835025','09:00:00','21:00:00','星期一',4,'苗栗縣',NULL),(350,'2765',NULL,'03-7551190','麥味登竹南延平','https://dgz2b3tzb57hl.cloudfront.net/00ef1ae98b0a0fa437ccae3322b22059.jpg','苗栗縣竹南鎮延平路141號','24.6895551','120.8752062','09:00:00','21:00:00','星期一',5,'苗栗縣',NULL),(351,'2764',NULL,'03-7580387','麥味登竹南科專','https://dgz2b3tzb57hl.cloudfront.net/48d62c92f01f0eed2992af44b9759fc9.jpg','苗栗縣竹南鎮科專七路287號','24.7053241','120.9000265','09:00:00','21:00:00','星期一',6,'苗栗縣',NULL),(352,'2763',NULL,'03-7660321','麥味登竹南姊妹','https://dgz2b3tzb57hl.cloudfront.net/9a490b9f731dcd419d4dcc92185827c9.jpg','苗栗縣竹南鎮中華路155-8號','24.7097591','120.9237987','09:00:00','21:00:00','星期一',7,'苗栗縣',NULL),(353,'2762',NULL,'03-7467212','麥味登竹南國小','https://dgz2b3tzb57hl.cloudfront.net/4e14cb2d8dc1620981d020ce630acdd7.jpg','苗栗縣竹南鎮中正路177號1樓','24.683437','120.87493','09:00:00','21:00:00','星期一',8,'苗栗縣',NULL),(354,'2761',NULL,'03-7581899','麥味登竹南大埔','https://dgz2b3tzb57hl.cloudfront.net/6864e76fd0addf228f1b6a016723b9e3.jpg','苗栗縣竹南鎮大埔一街79號','24.7127884','120.9060394','09:00:00','21:00:00','星期一',9,'苗栗縣',NULL),(355,'2760',NULL,'03-3530359','麥味登桃市南祥','https://dgz2b3tzb57hl.cloudfront.net/2df1935ed2e198f2c000d0527e06a7bf.jpg','桃園市蘆竹區南祥路11號','25.0459015','121.2959687','09:00:00','21:00:00','星期一',10,'桃園市',NULL),(356,'2748',NULL,'03-2873568','麥味登青埔新光','https://dgz2b3tzb57hl.cloudfront.net/3b33ee70d9ee49f7.jpg','桃園市大園區春德路136號','25.0166224','121.2127936','09:00:00','21:00:00','星期一',1,'桃園市',NULL),(357,'2747',NULL,'03-3882122#','麥味登大溪民權2','https://dgz2b3tzb57hl.cloudfront.net/4ddbdd52-4cda-4aa9-b753-ebfb087e9480.jpeg','桃園市大溪區民權東路190號','24.8805338','121.2939598','09:00:00','21:00:00','星期一',2,'桃園市',NULL),(358,'2746',NULL,'03-3888986','麥味登大溪康莊','https://dgz2b3tzb57hl.cloudfront.net/4ddbdd52-4cda-4aa9-b753-ebfb087e9480.jpeg','桃園市大溪區康莊路242號','24.8786131','121.2881548','09:00:00','21:00:00','星期一',3,'桃園市',NULL),(359,'2745',NULL,'03-3809627','麥味登大溪介壽','https://dgz2b3tzb57hl.cloudfront.net/69031175a710a925f5f26e1441d97daf.jpg','桃園市大溪區介壽路677號','24.9114332','121.2888291','09:00:00','21:00:00','星期一',4,'桃園市',NULL),(360,'2744',NULL,'03-3777340','麥味登八德義勇','https://dgz2b3tzb57hl.cloudfront.net/00ef1ae98b0a0fa437ccae3322b22059.jpg','桃園市八德區義勇街134號','24.9634075','121.305075','09:00:00','21:00:00','星期一',5,'桃園市',NULL),(361,'2743',NULL,'03-3673331','麥味登八德饗饗尼','https://dgz2b3tzb57hl.cloudfront.net/48d62c92f01f0eed2992af44b9759fc9.jpg','桃園市八德區忠勇街331號','24.965761','121.3032783','09:00:00','21:00:00','星期一',6,'桃園市',NULL),(362,'2742',NULL,'03-3689342','麥味登八德興豐','https://dgz2b3tzb57hl.cloudfront.net/9a490b9f731dcd419d4dcc92185827c9.jpg','桃園市八德區興豐路370號','24.9294257','121.2882182','09:00:00','21:00:00','星期一',7,'桃園市',NULL),(363,'2741',NULL,'03-3687961','麥味登八德仁德','https://dgz2b3tzb57hl.cloudfront.net/4e14cb2d8dc1620981d020ce630acdd7.jpg','桃園市八德區仁德一路18號','24.9362092','121.2865412','09:00:00','21:00:00','星期一',8,'桃園市',NULL),(364,'2740',NULL,'03-3285800','麥味登龜山文興','https://dgz2b3tzb57hl.cloudfront.net/6864e76fd0addf228f1b6a016723b9e3.jpg','桃園市龜山區文興路188號','25.055986','121.3663985','09:00:00','21:00:00','星期一',9,'桃園市',NULL),(365,'2739',NULL,'03-3195820','麥味登龜山萬壽','https://dgz2b3tzb57hl.cloudfront.net/2df1935ed2e198f2c000d0527e06a7bf.jpg','桃園市龜山區萬壽路二段983號','24.9948364','121.337151','09:00:00','21:00:00','星期一',10,'桃園市',NULL),(366,'2738',NULL,'03-3960936','麥味登龜山文化','https://dgz2b3tzb57hl.cloudfront.net/3b33ee70d9ee49f7.jpg','桃園市龜山區文化三路3號','25.0602969','121.3623797','09:00:00','21:00:00','星期一',1,'桃園市',NULL),(367,'2737',NULL,'03-3200262','麥味登龜山美吉','https://dgz2b3tzb57hl.cloudfront.net/4ddbdd52-4cda-4aa9-b753-ebfb087e9480.jpeg','桃園市龜山區山鶯路41號','24.9905315','121.3237864','09:00:00','21:00:00','星期一',2,'桃園市',NULL),(368,'2736',NULL,'03-3289655','麥味登龜山知足','https://dgz2b3tzb57hl.cloudfront.net/4ddbdd52-4cda-4aa9-b753-ebfb087e9480.jpeg','桃園市龜山區文興路55號','25.0595395','121.3639743','09:00:00','21:00:00','星期一',3,'桃園市',NULL),(369,'2724',NULL,'03-3699829','麥味登桃園歐楓','https://dgz2b3tzb57hl.cloudfront.net/69031175a710a925f5f26e1441d97daf.jpg','桃園市桃園區龍泉六街12號','24.9840822','121.2728496','09:00:00','21:00:00','星期一',4,'桃園市',NULL),(370,'2723',NULL,'03-3396699','麥味登桃市南門','https://dgz2b3tzb57hl.cloudfront.net/00ef1ae98b0a0fa437ccae3322b22059.jpg','桃園市桃園區復興路299號','24.9891548','121.3058088','09:00:00','21:00:00','星期一',5,'桃園市',NULL),(371,'2722',NULL,'03-3587280','麥味登桃市民有','https://dgz2b3tzb57hl.cloudfront.net/48d62c92f01f0eed2992af44b9759fc9.jpg','桃園市桃園區民有三街479號','25.012219','121.3140376','09:00:00','21:00:00','星期一',6,'桃園市',NULL),(372,'2721',NULL,'03-3573033','麥味登桃園麻集','https://dgz2b3tzb57hl.cloudfront.net/9a490b9f731dcd419d4dcc92185827c9.jpg','桃園市桃園區永安北路390號','25.0165592','121.2926867','09:00:00','21:00:00','星期一',7,'桃園市',NULL),(373,'2720',NULL,'03-3792925','麥味登桃園龍泉','https://dgz2b3tzb57hl.cloudfront.net/4e14cb2d8dc1620981d020ce630acdd7.jpg','桃園市桃園區龍泉二街35號','24.9804516','121.2701392','09:00:00','21:00:00','星期一',8,'桃園市',NULL),(374,'2719',NULL,'03-3177813','麥味登桃園可比','https://dgz2b3tzb57hl.cloudfront.net/6864e76fd0addf228f1b6a016723b9e3.jpg','桃園市桃園區敬二街3號','25.0220586','121.2933955','09:00:00','21:00:00','星期一',9,'桃園市',NULL),(375,'2718',NULL,'03-2205185','麥味登桃園中路','https://dgz2b3tzb57hl.cloudfront.net/2df1935ed2e198f2c000d0527e06a7bf.jpg','桃園市桃園區力行路385巷51弄2號','24.9972191','121.2975485','09:00:00','21:00:00','星期一',10,'桃園市',NULL),(376,'2717',NULL,'03-3395255','麥味登桃市莒光','https://dgz2b3tzb57hl.cloudfront.net/3b33ee70d9ee49f7.jpg','桃園市桃園區莒光街32號','24.995547','121.303385','09:00:00','21:00:00','星期一',1,'桃園市',NULL),(377,'2716',NULL,'03-3677886','麥味登桃園建國','https://dgz2b3tzb57hl.cloudfront.net/4ddbdd52-4cda-4aa9-b753-ebfb087e9480.jpeg','桃園市桃園區建國路156-3號','24.9852973','121.3101396','09:00:00','21:00:00','星期一',2,'桃園市',NULL),(378,'2715',NULL,'03-3603239','麥味登桃市真愛','https://dgz2b3tzb57hl.cloudfront.net/4ddbdd52-4cda-4aa9-b753-ebfb087e9480.jpeg','桃園市桃園區國豐六街19號','24.9878826','121.2784308','09:00:00','21:00:00','星期一',3,'桃園市',NULL),(379,'2714',NULL,'03-3600337','麥味登桃市國豐','https://dgz2b3tzb57hl.cloudfront.net/69031175a710a925f5f26e1441d97daf.jpg','桃園市桃園區國豐三街157號','24.991153','121.2785353','09:00:00','21:00:00','星期一',4,'桃園市',NULL),(380,'2713',NULL,'03-3779068','麥味登桃園大樹','https://dgz2b3tzb57hl.cloudfront.net/00ef1ae98b0a0fa437ccae3322b22059.jpg','桃園市桃園區大豐路225號','24.98022','121.313259','09:00:00','21:00:00','星期一',5,'桃園市',NULL),(381,'2712',NULL,'03-2160037','麥味登桃園慈光','https://dgz2b3tzb57hl.cloudfront.net/48d62c92f01f0eed2992af44b9759fc9.jpg','桃園市桃園區慈光街91巷1號','25.0058058','121.2986024','09:00:00','21:00:00','星期一',6,'桃園市',NULL),(382,'2700',NULL,'03-4990318','麥味登龍潭味真','https://dgz2b3tzb57hl.cloudfront.net/9a490b9f731dcd419d4dcc92185827c9.jpg','桃園市龍潭區神龍路202號','24.8601027','121.2132909','09:00:00','21:00:00','星期一',7,'桃園市',NULL),(383,'2699',NULL,'0911251213','麥味登龍潭五福','https://dgz2b3tzb57hl.cloudfront.net/4e14cb2d8dc1620981d020ce630acdd7.jpg','桃園市龍潭區五福街3號','24.8650424','121.217416','09:00:00','21:00:00','星期一',8,'桃園市',NULL),(384,'2698',NULL,'03-4890376','麥味登龍潭中興','https://dgz2b3tzb57hl.cloudfront.net/6864e76fd0addf228f1b6a016723b9e3.jpg','桃園市龍潭區中興路339號','24.8734986','121.2326783','09:00:00','21:00:00','星期一',9,'桃園市',NULL),(385,'2697',NULL,'03-4712201#350304','麥味登龍潭中科','https://dgz2b3tzb57hl.cloudfront.net/2df1935ed2e198f2c000d0527e06a7bf.jpg','桃園市龍潭區中正路佳安段481號','24.8486623','121.245065','09:00:00','21:00:00','星期一',10,'桃園市',NULL),(386,'2696',NULL,'03-4892020','麥味登龍潭中豐','https://dgz2b3tzb57hl.cloudfront.net/3b33ee70d9ee49f7.jpg','桃園市龍潭區中豐路531號','24.8840575','121.2120362','09:00:00','21:00:00','星期一',1,'桃園市',NULL),(387,'2695',NULL,'03-4945255','麥味登平鎮育達','https://dgz2b3tzb57hl.cloudfront.net/4ddbdd52-4cda-4aa9-b753-ebfb087e9480.jpeg','桃園市平鎮區育達路86號','24.951705','121.2114075','09:00:00','21:00:00','星期一',2,'桃園市',NULL),(388,'2694',NULL,'03-4685200','麥味登平鎮新富','https://dgz2b3tzb57hl.cloudfront.net/4ddbdd52-4cda-4aa9-b753-ebfb087e9480.jpeg','桃園市平鎮區新富五街105號','24.9397737','121.2126484','09:00:00','21:00:00','星期一',3,'桃園市',NULL),(389,'2693',NULL,'03-4031601','麥味登平鎮幸福公園','https://dgz2b3tzb57hl.cloudfront.net/69031175a710a925f5f26e1441d97daf.jpg','桃園市平鎮區平南里大興街62號','24.9127305','121.2087246','09:00:00','21:00:00','星期一',4,'桃園市',NULL),(390,'2692',NULL,'03-4693192','麥味登平鎮山頂','https://dgz2b3tzb57hl.cloudfront.net/00ef1ae98b0a0fa437ccae3322b22059.jpg','桃園市平鎮區南豐路36號','24.9004233','121.2096675','09:00:00','21:00:00','星期一',5,'桃園市',NULL),(391,'2691',NULL,'03-4664601','麥味登平鎮龍岡','https://dgz2b3tzb57hl.cloudfront.net/48d62c92f01f0eed2992af44b9759fc9.jpg','桃園市平鎮區中山路81號','24.9277937','121.2551905','09:00:00','21:00:00','星期一',6,'桃園市',NULL),(392,'2690',NULL,'03-4399363','麥味登平鎮加欣','https://dgz2b3tzb57hl.cloudfront.net/9a490b9f731dcd419d4dcc92185827c9.jpg','桃園市平鎮區南安路118號','24.9149261','121.2068933','09:00:00','21:00:00','星期一',7,'桃園市',NULL),(393,'2689',NULL,'03-4251402','麥味登康樂乾泰','https://dgz2b3tzb57hl.cloudfront.net/4e14cb2d8dc1620981d020ce630acdd7.jpg','桃園市平鎮區康樂路27號','24.9525465','121.2216665','09:00:00','21:00:00','星期一',8,'桃園市',NULL),(394,'2688',NULL,'03-4558533','麥味登內壢成章','https://dgz2b3tzb57hl.cloudfront.net/6864e76fd0addf228f1b6a016723b9e3.jpg','桃園市中壢區成章四街103號','24.9761346','121.2564199','09:00:00','21:00:00','星期一',9,'桃園市',NULL),(395,'2676',NULL,'03-4662851','麥味登中壢科學家','https://dgz2b3tzb57hl.cloudfront.net/2df1935ed2e198f2c000d0527e06a7bf.jpg','桃園市中壢區同慶路263號','24.9401244','121.2552375','09:00:00','21:00:00','星期一',10,'桃園市',NULL),(396,'2675',NULL,'03-4590132','麥味登中壢健行','https://dgz2b3tzb57hl.cloudfront.net/3b33ee70d9ee49f7.jpg','桃園市中壢區珠江街58號','24.9480146','121.2315067','09:00:00','21:00:00','星期一',1,'桃園市',NULL),(397,'2674',NULL,'03-4989406','麥味登中壢姊妹','https://dgz2b3tzb57hl.cloudfront.net/4ddbdd52-4cda-4aa9-b753-ebfb087e9480.jpeg','桃園市中壢區中正路四段161號','24.9891829','121.178693','09:00:00','21:00:00','星期一',2,'桃園市',NULL),(398,'2673',NULL,'03-4660902','麥味登中壢珈饌','https://dgz2b3tzb57hl.cloudfront.net/4ddbdd52-4cda-4aa9-b753-ebfb087e9480.jpeg','桃園市中壢區新中北路208巷2號','24.9585596','121.2389299','09:00:00','21:00:00','星期一',3,'桃園市',NULL),(399,'2672',NULL,'03-4666287','麥味登中壢華勛','https://dgz2b3tzb57hl.cloudfront.net/69031175a710a925f5f26e1441d97daf.jpg','桃園市中壢區仁德四街110號','24.9528971','121.2613502','09:00:00','21:00:00','星期一',4,'桃園市',NULL),(400,'2671',NULL,'03-4931612','麥味登中壢環西','https://dgz2b3tzb57hl.cloudfront.net/00ef1ae98b0a0fa437ccae3322b22059.jpg','桃園市中壢區環西路二段296號','24.9646677','121.2128569','09:00:00','21:00:00','星期一',5,'桃園市',NULL),(401,'2670',NULL,'03-4256966','麥味登中壢海華','https://dgz2b3tzb57hl.cloudfront.net/48d62c92f01f0eed2992af44b9759fc9.jpg','桃園市中壢區九和六街32號','24.9649116','121.2241998','09:00:00','21:00:00','星期一',6,'桃園市',NULL),(402,'2669',NULL,'03-4635860','麥味登中壢鼎峰','https://dgz2b3tzb57hl.cloudfront.net/9a490b9f731dcd419d4dcc92185827c9.jpg','桃園市中壢區文化路346號','24.9788679','121.251092','09:00:00','21:00:00','星期一',7,'桃園市',NULL),(403,'2668',NULL,'03-4505771','麥味登中壢啟英','https://dgz2b3tzb57hl.cloudfront.net/4e14cb2d8dc1620981d020ce630acdd7.jpg','桃園市中壢區西園路17號','24.972527','121.2345118','09:00:00','21:00:00','星期一',8,'桃園市',NULL),(404,'2667',NULL,'03-2875128','麥味登青埔站前西','https://dgz2b3tzb57hl.cloudfront.net/6864e76fd0addf228f1b6a016723b9e3.jpg','桃園市中壢區高鐵站前西路二段118號','25.0066829','121.2202667','09:00:00','21:00:00','星期一',9,'桃園市',NULL),(405,'2666',NULL,'03-5961277','麥味登竹東信義','https://dgz2b3tzb57hl.cloudfront.net/2df1935ed2e198f2c000d0527e06a7bf.jpg','新竹縣竹東鎮信義路121號','24.73649','121.0897248','09:00:00','21:00:00','星期一',10,'新竹縣',NULL),(406,'2665',NULL,'03-5960785','麥味登竹東幸福','https://dgz2b3tzb57hl.cloudfront.net/3b33ee70d9ee49f7.jpg','新竹縣竹東鎮東寧路一段139號','24.7252933','121.0944488','09:00:00','21:00:00','星期一',1,'新竹縣',NULL),(407,'2664',NULL,'03-5827168','麥味登竹東中興','https://dgz2b3tzb57hl.cloudfront.net/4ddbdd52-4cda-4aa9-b753-ebfb087e9480.jpeg','新竹縣竹東鎮中興路二段430號','24.7652367','121.0584553','09:00:00','21:00:00','星期一',2,'新竹縣',NULL),(408,'2652',NULL,'0975027948','麥味登湖口中山','https://dgz2b3tzb57hl.cloudfront.net/4ddbdd52-4cda-4aa9-b753-ebfb087e9480.jpeg','新竹縣湖口鄉中正六街56號','24.8973951','121.0444617','09:00:00','21:00:00','星期一',3,'新竹縣',NULL),(409,'2651',NULL,'03-6688158','麥味登竹北十興','https://dgz2b3tzb57hl.cloudfront.net/69031175a710a925f5f26e1441d97daf.jpg','新竹縣竹北市十興路308號','24.8327911','121.0240805','09:00:00','21:00:00','星期一',4,'新竹縣',NULL),(410,'2650',NULL,'03-5873658','麥味登竹北勝利','https://dgz2b3tzb57hl.cloudfront.net/00ef1ae98b0a0fa437ccae3322b22059.jpg','新竹縣竹北市莊敬北路256號1樓','24.8287671','121.0259806','09:00:00','21:00:00','星期一',5,'新竹縣',NULL),(411,'2649',NULL,'03-5587236','麥味登竹北縣政','https://dgz2b3tzb57hl.cloudfront.net/48d62c92f01f0eed2992af44b9759fc9.jpg','新竹縣竹北市縣政二路231號','24.8328072','121.0185772','09:00:00','21:00:00','星期一',6,'新竹縣',NULL),(412,'2648',NULL,'03-5558648','麥味登竹北縣府','https://dgz2b3tzb57hl.cloudfront.net/9a490b9f731dcd419d4dcc92185827c9.jpg','新竹縣竹北市福興路596號','24.8225906','121.0110002','09:00:00','21:00:00','星期一',7,'新竹縣',NULL),(413,'2647',NULL,'03-5501161','麥味登竹北幸福','https://dgz2b3tzb57hl.cloudfront.net/4e14cb2d8dc1620981d020ce630acdd7.jpg','新竹縣竹北市福興東路二段161號','24.8141411','121.0293191','09:00:00','21:00:00','星期一',8,'新竹縣',NULL),(414,'2646',NULL,'03-5555050','麥味登竹北民權','https://dgz2b3tzb57hl.cloudfront.net/6864e76fd0addf228f1b6a016723b9e3.jpg','新竹縣竹北市民權街31-1號','24.8327825','121.0123161','09:00:00','21:00:00','星期一',9,'新竹縣',NULL),(415,'2645',NULL,'03-6581230','麥味登竹北六家','https://dgz2b3tzb57hl.cloudfront.net/2df1935ed2e198f2c000d0527e06a7bf.jpg','新竹縣竹北市六家一路一段111號','24.8100915','121.0278439','09:00:00','21:00:00','星期一',10,'新竹縣',NULL),(416,'2644',NULL,'03-6670606#','麥味登竹北正毅','https://dgz2b3tzb57hl.cloudfront.net/3b33ee70d9ee49f7.jpg','新竹縣竹北市膉口六街43號','24.8102379','121.022887','09:00:00','21:00:00','星期一',1,'新竹縣',NULL),(417,'2643',NULL,'03-5500901#','麥味登竹北莊敬','https://dgz2b3tzb57hl.cloudfront.net/4ddbdd52-4cda-4aa9-b753-ebfb087e9480.jpeg','新竹縣竹北市莊敬五街112號','24.8242732','121.0272677','09:00:00','21:00:00','星期一',2,'新竹縣',NULL),(418,'2642',NULL,'03-6573558#','麥味登竹北東元','https://dgz2b3tzb57hl.cloudfront.net/4ddbdd52-4cda-4aa9-b753-ebfb087e9480.jpeg','新竹縣竹北市政三街55號','24.8346871','120.9933678','09:00:00','21:00:00','星期一',3,'新竹縣',NULL),(419,'2641',NULL,'03-6579386#','麥味登竹北成功','https://dgz2b3tzb57hl.cloudfront.net/69031175a710a925f5f26e1441d97daf.jpg','新竹縣竹北市成功八路266號1樓','24.816301','121.0214951','09:00:00','21:00:00','星期一',4,'新竹縣',NULL),(420,'2628',NULL,'03-5300365#','麥味登香山中山','https://dgz2b3tzb57hl.cloudfront.net/00ef1ae98b0a0fa437ccae3322b22059.jpg','新竹市香山區中山路638號','24.7957901','120.954478','09:00:00','21:00:00','星期一',5,'新竹市',NULL),(421,'2627',NULL,'03-6663383#','麥味登新竹竹科','https://dgz2b3tzb57hl.cloudfront.net/48d62c92f01f0eed2992af44b9759fc9.jpg','新竹市東區金山十一街42號','24.778134','121.0219406','09:00:00','21:00:00','星期一',6,'新竹市',NULL),(422,'2626',NULL,'03-5250715#','麥味登新竹經國','https://dgz2b3tzb57hl.cloudfront.net/9a490b9f731dcd419d4dcc92185827c9.jpg','新竹市北區經國路二段276號','24.8091243','120.959656','09:00:00','21:00:00','星期一',7,'新竹市',NULL),(423,'2625',NULL,'03-5333180#','麥味登新竹巨城','https://dgz2b3tzb57hl.cloudfront.net/4e14cb2d8dc1620981d020ce630acdd7.jpg','新竹市東區民生路117號','24.8100534','120.9769557','09:00:00','21:00:00','星期一',8,'新竹市',NULL),(424,'2624',NULL,'03-6669222#','麥味登新竹關埔','https://dgz2b3tzb57hl.cloudfront.net/6864e76fd0addf228f1b6a016723b9e3.jpg','新竹市東區崇和路100號','24.7910281','121.0155277','09:00:00','21:00:00','星期一',9,'新竹市',NULL),(425,'2623',NULL,'03-5153318#','麥味登新竹光華北','https://dgz2b3tzb57hl.cloudfront.net/2df1935ed2e198f2c000d0527e06a7bf.jpg','新竹市北區光華北街69號','24.8172861','120.971808','09:00:00','21:00:00','星期一',10,'新竹市',NULL),(426,'2622',NULL,'03-5166387#','麥味登新竹公道五','https://dgz2b3tzb57hl.cloudfront.net/3b33ee70d9ee49f7.jpg','新竹市東區公道五路二段353號','24.8028714','120.997266','09:00:00','21:00:00','星期一',1,'新竹市',NULL),(427,'2621',NULL,'03-5710338#','麥味登新竹動物園','https://dgz2b3tzb57hl.cloudfront.net/4ddbdd52-4cda-4aa9-b753-ebfb087e9480.jpeg','新竹市東區東山街57號','24.79712','120.978898','09:00:00','21:00:00','星期一',2,'新竹市',NULL),(428,'2620',NULL,'0922723113','麥味登新竹聯發科','https://dgz2b3tzb57hl.cloudfront.net/4ddbdd52-4cda-4aa9-b753-ebfb087e9480.jpeg','新竹市東區篤行一路1號','24.7722707','121.0232623','09:00:00','21:00:00','星期一',3,'新竹市',NULL),(429,'2619',NULL,'03-9981125','麥味登蘇花南澳','https://dgz2b3tzb57hl.cloudfront.net/69031175a710a925f5f26e1441d97daf.jpg','宜蘭縣南澳鄉蘇花路2段333號','24.4652883','121.8025332','09:00:00','21:00:00','星期一',4,'宜蘭縣',NULL),(430,'2618',NULL,'03-9962660','麥味登宜蘭蘇澳','https://dgz2b3tzb57hl.cloudfront.net/00ef1ae98b0a0fa437ccae3322b22059.jpg','宜蘭縣蘇澳鎮中山路一段181號','24.5956748','121.8460245','09:00:00','21:00:00','星期一',5,'宜蘭縣',NULL),(431,'2617',NULL,'03-9596000','麥味登宜蘭冬山','https://dgz2b3tzb57hl.cloudfront.net/48d62c92f01f0eed2992af44b9759fc9.jpg','宜蘭縣冬山鄉冬山路一段986巷41號','24.6341203','121.7922856','09:00:00','21:00:00','星期一',6,'宜蘭縣',NULL),(432,'2616',NULL,'0978603806','麥味登冬山廣興','https://dgz2b3tzb57hl.cloudfront.net/9a490b9f731dcd419d4dcc92185827c9.jpg','宜蘭縣冬山鄉廣興路23號','24.6708404','121.7494737','09:00:00','21:00:00','星期一',7,'宜蘭縣',NULL),(433,'2604',NULL,'03-9325566','麥味登宜蘭弘力','https://dgz2b3tzb57hl.cloudfront.net/4e14cb2d8dc1620981d020ce630acdd7.jpg','宜蘭縣宜蘭市嵐峰路一段339號','24.7417372','121.7471613','09:00:00','21:00:00','星期一',8,'宜蘭縣',NULL),(434,'2603',NULL,'03-9313338','麥味登宜蘭活力','https://dgz2b3tzb57hl.cloudfront.net/6864e76fd0addf228f1b6a016723b9e3.jpg','宜蘭縣宜蘭市泰山路148號','24.7523183','121.7396549','09:00:00','21:00:00','星期一',9,'宜蘭縣',NULL),(435,'2602',NULL,'03-9370508','麥味登宜蘭東港','https://dgz2b3tzb57hl.cloudfront.net/2df1935ed2e198f2c000d0527e06a7bf.jpg','宜蘭縣宜蘭市東港路17-46號','24.752343','121.7644842','09:00:00','21:00:00','星期一',10,'宜蘭縣',NULL),(436,'2601',NULL,'02-26369969','麥味登三芝公正','https://dgz2b3tzb57hl.cloudfront.net/3b33ee70d9ee49f7.jpg','新北市三芝區公正街9號','25.2576183','121.4998209','09:00:00','21:00:00','星期一',1,'新北市',NULL),(437,'2600',NULL,'02-28081276','麥味登竹圍米路','https://dgz2b3tzb57hl.cloudfront.net/4ddbdd52-4cda-4aa9-b753-ebfb087e9480.jpeg','新北市淡水區民族路43號','25.1355358','121.4628134','09:00:00','21:00:00','星期一',2,'新北市',NULL),(438,'2599',NULL,'02-26235201','麥味登淡水宇峰','https://dgz2b3tzb57hl.cloudfront.net/4ddbdd52-4cda-4aa9-b753-ebfb087e9480.jpeg','新北市淡水區學府路45號','25.1692035','121.4478844','09:00:00','21:00:00','星期一',3,'新北市',NULL),(439,'2598',NULL,'02-26292238','麥味登淡水台北灣','https://dgz2b3tzb57hl.cloudfront.net/69031175a710a925f5f26e1441d97daf.jpg','新北市淡水區新市一路一段99巷17號','25.1874613','121.4309137','09:00:00','21:00:00','星期一',4,'新北市',NULL),(440,'2597',NULL,'02-26234139','麥味登淡水水源','https://dgz2b3tzb57hl.cloudfront.net/00ef1ae98b0a0fa437ccae3322b22059.jpg','新北市淡水區水源街一段78號','25.1722012','121.4452175','09:00:00','21:00:00','星期一',5,'新北市',NULL),(441,'2596',NULL,'02-86315511','麥味登淡水新市','https://dgz2b3tzb57hl.cloudfront.net/48d62c92f01f0eed2992af44b9759fc9.jpg','新北市淡水區新市一路三段108號','25.1828161','121.4467044','09:00:00','21:00:00','星期一',6,'新北市',NULL),(442,'2595',NULL,'02-86263339','麥味登淡水紅樹林','https://dgz2b3tzb57hl.cloudfront.net/9a490b9f731dcd419d4dcc92185827c9.jpg','新北市淡水區坪頂路51-1號','25.1626604','121.4581777','09:00:00','21:00:00','星期一',7,'新北市',NULL),(443,'2594',NULL,'02-26212553','麥味登淡水新春','https://dgz2b3tzb57hl.cloudfront.net/4e14cb2d8dc1620981d020ce630acdd7.jpg','新北市淡水區新春街97號','25.1824621','121.44','09:00:00','21:00:00','星期一',8,'新北市',NULL),(444,'2593',NULL,'02-26205135','麥味登淡水真理','https://dgz2b3tzb57hl.cloudfront.net/6864e76fd0addf228f1b6a016723b9e3.jpg','新北市淡水區新民街180巷2號','25.1789813','121.4371619','09:00:00','21:00:00','星期一',9,'新北市',NULL),(445,'2592',NULL,'02-26250018','麥味登淡水淡江','https://dgz2b3tzb57hl.cloudfront.net/2df1935ed2e198f2c000d0527e06a7bf.jpg','新北市淡水區北新路182巷37號','25.1773871','121.4485041','09:00:00','21:00:00','星期一',10,'新北市',NULL),(446,'2580',NULL,'02-82868137','麥味登蘆洲康佑','https://dgz2b3tzb57hl.cloudfront.net/3b33ee70d9ee49f7.jpg','新北市蘆洲區長安街343號','25.0869188','121.4571687','09:00:00','21:00:00','星期一',1,'新北市',NULL),(447,'2579',NULL,'02-82866513','麥味登蘆洲中心','https://dgz2b3tzb57hl.cloudfront.net/4ddbdd52-4cda-4aa9-b753-ebfb087e9480.jpeg','新北市蘆洲區民權路188-7號','25.0909954','121.4715653','09:00:00','21:00:00','星期一',2,'新北市',NULL),(448,'2578',NULL,'02-82867980','麥味登蘆洲正和','https://dgz2b3tzb57hl.cloudfront.net/4ddbdd52-4cda-4aa9-b753-ebfb087e9480.jpeg','新北市蘆洲區正和街79號','25.0807694','121.4683841','09:00:00','21:00:00','星期一',3,'新北市',NULL),(449,'2577',NULL,'02-82827200','麥味登蘆洲復興','https://dgz2b3tzb57hl.cloudfront.net/69031175a710a925f5f26e1441d97daf.jpg','新北市蘆洲區復興路181號','25.0894586','121.479001','09:00:00','21:00:00','星期一',4,'新北市',NULL),(450,'2576',NULL,'02-22829933','麥味登蘆洲長興','https://dgz2b3tzb57hl.cloudfront.net/00ef1ae98b0a0fa437ccae3322b22059.jpg','新北市蘆洲區長興路50巷3號','25.0840096','121.4637507','09:00:00','21:00:00','星期一',5,'新北市',NULL),(451,'2575',NULL,'02-26092339','麥味登林口源泉','https://dgz2b3tzb57hl.cloudfront.net/48d62c92f01f0eed2992af44b9759fc9.jpg','新北市林口區源泉街36號','25.0725389','121.3575484','09:00:00','21:00:00','星期一',6,'新北市',NULL),(452,'2574',NULL,'02-26018032','麥味登林口文化','https://dgz2b3tzb57hl.cloudfront.net/9a490b9f731dcd419d4dcc92185827c9.jpg','新北市林口區文化三路二段36-1號','25.0793289','121.3738252','09:00:00','21:00:00','星期一',7,'新北市',NULL),(453,'2573',NULL,'02-26082729','麥味登林口香悅','https://dgz2b3tzb57hl.cloudfront.net/4e14cb2d8dc1620981d020ce630acdd7.jpg','新北市林口區文化三路一段555巷50號','25.0764623','121.3694077','09:00:00','21:00:00','星期一',8,'新北市',NULL),(454,'2572',NULL,'02-26011390','麥味登林口仁愛','https://dgz2b3tzb57hl.cloudfront.net/6864e76fd0addf228f1b6a016723b9e3.jpg','新北市林口區仁愛路一段384號','25.0768451','121.3878135','09:00:00','21:00:00','星期一',9,'新北市',NULL),(455,'2571',NULL,'02-26009889','麥味登林口歐園','https://dgz2b3tzb57hl.cloudfront.net/2df1935ed2e198f2c000d0527e06a7bf.jpg','新北市林口區麗園二街2-4號','25.0692827','121.3773839','09:00:00','21:00:00','星期一',10,'新北市',NULL),(456,'2570',NULL,'02-26000275','麥味登林口南勢','https://dgz2b3tzb57hl.cloudfront.net/3b33ee70d9ee49f7.jpg','新北市林口區南勢一街17巷51號','25.0759166','121.3608558','09:00:00','21:00:00','星期一',1,'新北市',NULL),(457,'2569',NULL,'0986811956','麥味登林口民族','https://dgz2b3tzb57hl.cloudfront.net/4ddbdd52-4cda-4aa9-b753-ebfb087e9480.jpeg','新北市林口區民族路22號','25.0739784','121.3642919','09:00:00','21:00:00','星期一',2,'新北市',NULL),(458,'2568',NULL,'02-26081872','麥味登林口民有','https://dgz2b3tzb57hl.cloudfront.net/4ddbdd52-4cda-4aa9-b753-ebfb087e9480.jpeg','新北市林口區民有街68號','25.0770384','121.3729436','09:00:00','21:00:00','星期一',3,'新北市',NULL),(459,'2556',NULL,'02-29015928','麥味登新莊玥萱','https://dgz2b3tzb57hl.cloudfront.net/69031175a710a925f5f26e1441d97daf.jpg','新北市新莊區雙鳳路88號','25.02792','121.414874','09:00:00','21:00:00','星期一',4,'新北市',NULL),(460,'2555',NULL,'02-29922522','麥味登新莊五工二','https://dgz2b3tzb57hl.cloudfront.net/00ef1ae98b0a0fa437ccae3322b22059.jpg','新北市新莊區建中街85號','25.0365779','121.4470889','09:00:00','21:00:00','星期一',5,'新北市',NULL),(461,'2554',NULL,'02-22993799','麥味登新莊五工','https://dgz2b3tzb57hl.cloudfront.net/48d62c92f01f0eed2992af44b9759fc9.jpg','新北市新莊區五工二路86巷2號','25.066473','121.4598634','09:00:00','21:00:00','星期一',6,'新北市',NULL),(462,'2553',NULL,'02-29084674','麥味登新莊天祥','https://dgz2b3tzb57hl.cloudfront.net/9a490b9f731dcd419d4dcc92185827c9.jpg','新北市新莊區天祥街26-1號','25.0278075','121.4175311','09:00:00','21:00:00','星期一',7,'新北市',NULL),(463,'2552',NULL,'02-29909163','麥味登新莊頭前公園','https://dgz2b3tzb57hl.cloudfront.net/4e14cb2d8dc1620981d020ce630acdd7.jpg','新北市新莊區頭成街163號','25.052023','121.461815','09:00:00','21:00:00','星期一',8,'新北市',NULL),(464,'2551',NULL,'02-22010970','麥味登新莊西盛','https://dgz2b3tzb57hl.cloudfront.net/6864e76fd0addf228f1b6a016723b9e3.jpg','新北市新莊區西盛街196號','25.0183584','121.4280961','09:00:00','21:00:00','星期一',9,'新北市',NULL),(465,'2550',NULL,'02-29960669','麥味登新莊星榮','https://dgz2b3tzb57hl.cloudfront.net/2df1935ed2e198f2c000d0527e06a7bf.jpg','新北市新莊區中榮街60號','25.0529057','121.4490073','09:00:00','21:00:00','星期一',10,'新北市',NULL),(466,'2549',NULL,'02-89910985','麥味登新莊星品','https://dgz2b3tzb57hl.cloudfront.net/3b33ee70d9ee49f7.jpg','新北市新莊區中和街12號','25.043157','121.448556','09:00:00','21:00:00','星期一',1,'新北市',NULL),(467,'2548',NULL,'02-22771234','麥味登新莊幸福','https://dgz2b3tzb57hl.cloudfront.net/4ddbdd52-4cda-4aa9-b753-ebfb087e9480.jpeg','新北市新莊區幸福路834號','25.049173','121.445154','09:00:00','21:00:00','星期一',2,'新北市',NULL),(468,'2547',NULL,'02-29931989','麥味登新莊星誠','https://dgz2b3tzb57hl.cloudfront.net/4ddbdd52-4cda-4aa9-b753-ebfb087e9480.jpeg','新北市新莊區中誠街15號','25.0479308','121.4517652','09:00:00','21:00:00','星期一',3,'新北市',NULL),(469,'2546',NULL,'02-29966927','麥味登新莊歐洲村','https://dgz2b3tzb57hl.cloudfront.net/69031175a710a925f5f26e1441d97daf.jpg','新北市新莊區立信三街7巷1號','25.0503544','121.444267','09:00:00','21:00:00','星期一',4,'新北市',NULL),(470,'2545',NULL,'02-85229700','麥味登新莊米娜','https://dgz2b3tzb57hl.cloudfront.net/00ef1ae98b0a0fa437ccae3322b22059.jpg','新北市新莊區中原東路30號','25.054685','121.4647192','09:00:00','21:00:00','星期一',5,'新北市',NULL),(471,'2544',NULL,'02-22025530','麥味登新莊民安','https://dgz2b3tzb57hl.cloudfront.net/48d62c92f01f0eed2992af44b9759fc9.jpg','新北市新莊區民安路45號1樓','25.0264584','121.4238066','09:00:00','21:00:00','星期一',6,'新北市',NULL),(472,'2532',NULL,'02-29801388','麥味登三重美福','https://dgz2b3tzb57hl.cloudfront.net/9a490b9f731dcd419d4dcc92185827c9.jpg','新北市三重區重陽路三段162號','25.0677893','121.4897717','09:00:00','21:00:00','星期一',7,'新北市',NULL),(473,'2531',NULL,'02-22870179','麥味登三重木澄找餐','https://dgz2b3tzb57hl.cloudfront.net/4e14cb2d8dc1620981d020ce630acdd7.jpg','新北市三重區永福街179號','25.0751748','121.4789388','09:00:00','21:00:00','星期一',8,'新北市',NULL),(474,'2530',NULL,'02-29877007','麥味登三重捷運','https://dgz2b3tzb57hl.cloudfront.net/6864e76fd0addf228f1b6a016723b9e3.jpg','新北市三重區捷運路37巷14號','25.0566715','121.4841924','09:00:00','21:00:00','星期一',9,'新北市',NULL),(475,'2529',NULL,'02-89762827','麥味登三重正義','https://dgz2b3tzb57hl.cloudfront.net/2df1935ed2e198f2c000d0527e06a7bf.jpg','新北市三重區正義南路79號','25.0598319','121.498182','09:00:00','21:00:00','星期一',10,'新北市',NULL),(476,'2528',NULL,'02-29749888','麥味登三重忠孝橋','https://dgz2b3tzb57hl.cloudfront.net/3b33ee70d9ee49f7.jpg','新北市三重區中正南路131號','25.0570072','121.4938392','09:00:00','21:00:00','星期一',1,'新北市',NULL),(477,'2527',NULL,'02-29768838','麥味登三重中興橋','https://dgz2b3tzb57hl.cloudfront.net/4ddbdd52-4cda-4aa9-b753-ebfb087e9480.jpeg','新北市三重區成功路38號','25.050383','121.4889063','09:00:00','21:00:00','星期一',2,'新北市',NULL),(478,'2526',NULL,'02-89850138','麥味登三重忠孝','https://dgz2b3tzb57hl.cloudfront.net/4ddbdd52-4cda-4aa9-b753-ebfb087e9480.jpeg','新北市三重區忠孝路三段25號','25.0673445','121.4813875','09:00:00','21:00:00','星期一',3,'新北市',NULL),(479,'2525',NULL,'02-89825825','麥味登三重佳德','https://dgz2b3tzb57hl.cloudfront.net/69031175a710a925f5f26e1441d97daf.jpg','新北市三重區三民街305號','25.0689366','121.478184','09:00:00','21:00:00','星期一',4,'新北市',NULL),(480,'2524',NULL,'02-82879992','麥味登三重進安','https://dgz2b3tzb57hl.cloudfront.net/00ef1ae98b0a0fa437ccae3322b22059.jpg','新北市三重區自強路五段100號','25.0836525','121.4966797','09:00:00','21:00:00','星期一',5,'新北市',NULL),(481,'2523',NULL,'02-89762738','麥味登三重國小','https://dgz2b3tzb57hl.cloudfront.net/48d62c92f01f0eed2992af44b9759fc9.jpg','新北市三重區仁愛街23號','25.071069','121.496978','09:00:00','21:00:00','星期一',6,'新北市',NULL),(482,'2522',NULL,'02-29818809','麥味登三重國隆','https://dgz2b3tzb57hl.cloudfront.net/9a490b9f731dcd419d4dcc92185827c9.jpg','新北市三重區國隆路29號','25.0643761','121.4925465','09:00:00','21:00:00','星期一',7,'新北市',NULL),(483,'2521',NULL,'02-29896559','麥味登三重感恩','https://dgz2b3tzb57hl.cloudfront.net/4e14cb2d8dc1620981d020ce630acdd7.jpg','新北市三重區三陽路61號','25.0589149','121.4844281','09:00:00','21:00:00','星期一',8,'新北市',NULL),(484,'2520',NULL,'02-89855749','麥味登三重大同','https://dgz2b3tzb57hl.cloudfront.net/6864e76fd0addf228f1b6a016723b9e3.jpg','新北市三重區大同北路97號','25.0637566','121.494585','09:00:00','21:00:00','星期一',9,'新北市',NULL),(485,'2508',NULL,'02-26689550','麥味登北大大成','https://dgz2b3tzb57hl.cloudfront.net/2df1935ed2e198f2c000d0527e06a7bf.jpg','新北市樹林區大成路11號','24.9452355','121.3823322','09:00:00','21:00:00','星期一',10,'新北市',NULL),(486,'2507',NULL,'02-86723234','麥味登三峽恩主公','https://dgz2b3tzb57hl.cloudfront.net/3b33ee70d9ee49f7.jpg','新北市三峽區中山路234號','24.937461','121.362726','09:00:00','21:00:00','星期一',1,'新北市',NULL),(487,'2506',NULL,'02-86741909','麥味登三峽大同','https://dgz2b3tzb57hl.cloudfront.net/4ddbdd52-4cda-4aa9-b753-ebfb087e9480.jpeg','新北市三峽區大同路196-2號','24.927137','121.3710409','09:00:00','21:00:00','星期一',2,'新北市',NULL),(488,'2505',NULL,'02-26724567','麥味登三峽北大','https://dgz2b3tzb57hl.cloudfront.net/4ddbdd52-4cda-4aa9-b753-ebfb087e9480.jpeg','新北市三峽區大德路190號','24.9453749','121.3757911','09:00:00','21:00:00','星期一',3,'新北市',NULL),(489,'2504',NULL,'02-82610041','麥味登土城延平','https://dgz2b3tzb57hl.cloudfront.net/69031175a710a925f5f26e1441d97daf.jpg','新北市土城區延平街七號','24.9917972','121.4680779','09:00:00','21:00:00','星期一',4,'新北市',NULL),(490,'2503',NULL,'02-82601899','麥味登土城裕民','https://dgz2b3tzb57hl.cloudfront.net/00ef1ae98b0a0fa437ccae3322b22059.jpg','新北市土城區裕民路259巷24號','24.9829734','121.455792','09:00:00','21:00:00','星期一',5,'新北市',NULL),(491,'2502',NULL,'02-82732522','麥味登土城學成','https://dgz2b3tzb57hl.cloudfront.net/48d62c92f01f0eed2992af44b9759fc9.jpg','新北市土城區學成路9號','24.9864719','121.4530779','09:00:00','21:00:00','星期一',6,'新北市',NULL),(492,'2501',NULL,'02-22707168','麥味登土城日月光','https://dgz2b3tzb57hl.cloudfront.net/9a490b9f731dcd419d4dcc92185827c9.jpg','新北市土城區中央路二段61巷42號','24.978263','121.443861','09:00:00','21:00:00','星期一',7,'新北市',NULL),(493,'2500',NULL,'02-82620030','麥味登土城明德','https://dgz2b3tzb57hl.cloudfront.net/4e14cb2d8dc1620981d020ce630acdd7.jpg','新北市土城區明德路一段240巷2號','24.9775566','121.4601706','09:00:00','21:00:00','星期一',8,'新北市',NULL),(494,'2499',NULL,'02-82621058','麥味登土城海山','https://dgz2b3tzb57hl.cloudfront.net/6864e76fd0addf228f1b6a016723b9e3.jpg','新北市土城區明德路二段199號','24.9834204','121.4468642','09:00:00','21:00:00','星期一',9,'新北市',NULL),(495,'2498',NULL,'02-22706879','麥味登土城光明','https://dgz2b3tzb57hl.cloudfront.net/2df1935ed2e198f2c000d0527e06a7bf.jpg','新北市土城區光明街63號','24.973318','121.442426','09:00:00','21:00:00','星期一',10,'新北市',NULL),(496,'2497',NULL,'02-22660768','麥味登土城青雲','https://dgz2b3tzb57hl.cloudfront.net/3b33ee70d9ee49f7.jpg','新北市土城區青雲路215號','24.9819173','121.4593819','09:00:00','21:00:00','星期一',1,'新北市',NULL),(497,'2496',NULL,'02-22602220','麥味登土城清高','https://dgz2b3tzb57hl.cloudfront.net/4ddbdd52-4cda-4aa9-b753-ebfb087e9480.jpeg','新北市土城區明德路一段73號','24.9835131','121.4656689','09:00:00','21:00:00','星期一',2,'新北市',NULL),(498,'2484',NULL,'02-89432800','麥味登中和景安','https://dgz2b3tzb57hl.cloudfront.net/4ddbdd52-4cda-4aa9-b753-ebfb087e9480.jpeg','新北市中和區景安路13號','24.9992265','121.508198','09:00:00','21:00:00','星期一',3,'新北市',NULL),(499,'2483',NULL,'02-86680570','麥味登中和華新','https://dgz2b3tzb57hl.cloudfront.net/69031175a710a925f5f26e1441d97daf.jpg','新北市中和區華新街150號','24.9825129','121.5077128','09:00:00','21:00:00','星期一',4,'新北市',NULL),(500,'2482',NULL,'02-86680428','麥味登中和和平','https://dgz2b3tzb57hl.cloudfront.net/00ef1ae98b0a0fa437ccae3322b22059.jpg','新北市中和區和平街15-1號','24.9904649','121.5088215','09:00:00','21:00:00','星期一',5,'新北市',NULL),(501,'2481',NULL,'02-29488698','麥味登中和復興','https://dgz2b3tzb57hl.cloudfront.net/48d62c92f01f0eed2992af44b9759fc9.jpg','新北市中和區復興路50號','24.9902882','121.504235','09:00:00','21:00:00','星期一',6,'新北市',NULL),(502,'2480',NULL,'02-89419688','麥味登中和福澤','https://dgz2b3tzb57hl.cloudfront.net/9a490b9f731dcd419d4dcc92185827c9.jpg','新北市中和區保健路47號','24.9975543','121.5092823','09:00:00','21:00:00','星期一',7,'新北市',NULL),(503,'2479',NULL,'02-29620233','麥味登中和德光','https://dgz2b3tzb57hl.cloudfront.net/4e14cb2d8dc1620981d020ce630acdd7.jpg','新北市中和區德光路14號','25.0046247','121.4712742','09:00:00','21:00:00','星期一',8,'新北市',NULL),(504,'2478',NULL,'02-29229929','麥味登永和選手','https://dgz2b3tzb57hl.cloudfront.net/6864e76fd0addf228f1b6a016723b9e3.jpg','新北市永和區永貞路152號','25.0045452','121.5177867','09:00:00','21:00:00','星期一',9,'新北市',NULL),(505,'2477',NULL,'02-89213076','麥味登永和仁愛公園','https://dgz2b3tzb57hl.cloudfront.net/2df1935ed2e198f2c000d0527e06a7bf.jpg','新北市永和區永平路320號','25.0132654','121.506583','09:00:00','21:00:00','星期一',10,'新北市',NULL),(506,'2476',NULL,'02-29250236','麥味登永和仁愛','https://dgz2b3tzb57hl.cloudfront.net/3b33ee70d9ee49f7.jpg','新北市永和區仁愛路145號','25.0129159','121.5114616','09:00:00','21:00:00','星期一',1,'新北市',NULL),(507,'2475',NULL,'02-29233833','麥味登永和環河','https://dgz2b3tzb57hl.cloudfront.net/4ddbdd52-4cda-4aa9-b753-ebfb087e9480.jpeg','新北市永和區環河西路2段213號','25.0103272','121.5016722','09:00:00','21:00:00','星期一',2,'新北市',NULL),(508,'2474',NULL,'02-29219297','麥味登永和福和','https://dgz2b3tzb57hl.cloudfront.net/4ddbdd52-4cda-4aa9-b753-ebfb087e9480.jpeg','新北市永和區福和路343號','25.0071305','121.5155481','09:00:00','21:00:00','星期一',3,'新北市',NULL),(509,'2473',NULL,'02-29439796','麥味登永和得和','https://dgz2b3tzb57hl.cloudfront.net/69031175a710a925f5f26e1441d97daf.jpg','新北市永和區得和路328號','24.9992732','121.5231151','09:00:00','21:00:00','星期一',4,'新北市',NULL),(510,'2472',NULL,'02-29225899','麥味登永和保平','https://dgz2b3tzb57hl.cloudfront.net/00ef1ae98b0a0fa437ccae3322b22059.jpg','新北市永和區保平路266號','25.005189','121.508775','09:00:00','21:00:00','星期一',5,'新北市',NULL),(511,'2460',NULL,'02-26492558','麥味登汐止仁愛','https://dgz2b3tzb57hl.cloudfront.net/48d62c92f01f0eed2992af44b9759fc9.jpg','新北市汐止區仁愛路23號','25.063891','121.659453','09:00:00','21:00:00','星期一',6,'新北市',NULL),(512,'2459',NULL,'02-86910234','麥味登汐止名城店','https://dgz2b3tzb57hl.cloudfront.net/9a490b9f731dcd419d4dcc92185827c9.jpg','新北市汐止區新昌路37-1號','25.068118','121.662422','09:00:00','21:00:00','星期一',7,'新北市',NULL),(513,'2458',NULL,'02-26427171','麥味登汐止玖達','https://dgz2b3tzb57hl.cloudfront.net/4e14cb2d8dc1620981d020ce630acdd7.jpg','新北市汐止區樟樹二路296號','25.0691825','121.6412293','09:00:00','21:00:00','星期一',8,'新北市',NULL),(514,'2457',NULL,'02-86422575','麥味登汐止建成','https://dgz2b3tzb57hl.cloudfront.net/6864e76fd0addf228f1b6a016723b9e3.jpg','新北市汐止區建成路59巷49號','25.0724517','121.6611892','09:00:00','21:00:00','星期一',9,'新北市',NULL),(515,'2456',NULL,'02-26433078','麥味登汐止皇家','https://dgz2b3tzb57hl.cloudfront.net/2df1935ed2e198f2c000d0527e06a7bf.jpg','新北市汐止區仁愛路166號','25.0650601','121.6645007','09:00:00','21:00:00','星期一',10,'新北市',NULL),(516,'2455',NULL,'02-26922316','麥味登汐止福德','https://dgz2b3tzb57hl.cloudfront.net/3b33ee70d9ee49f7.jpg','新北市汐止區福德一路20號','25.0693531','121.6386265','09:00:00','21:00:00','星期一',1,'新北市',NULL),(517,'2454',NULL,'02-26925177','麥味登汐止福氣','https://dgz2b3tzb57hl.cloudfront.net/4ddbdd52-4cda-4aa9-b753-ebfb087e9480.jpeg','新北市汐止區福德一路201巷6號','25.0654564','121.6354522','09:00:00','21:00:00','星期一',2,'新北市',NULL),(518,'2453',NULL,'02-26482088','麥味登汐止長江','https://dgz2b3tzb57hl.cloudfront.net/4ddbdd52-4cda-4aa9-b753-ebfb087e9480.jpeg','新北市汐止區長江街65號','25.0718399','121.6566387','09:00:00','21:00:00','星期一',3,'新北市',NULL),(519,'2452',NULL,'02-86477766','麥味登汐止茄苳','https://dgz2b3tzb57hl.cloudfront.net/69031175a710a925f5f26e1441d97daf.jpg','新北市汐止區茄苳路42-1號','25.070649','121.665977','09:00:00','21:00:00','星期一',4,'新北市',NULL),(520,'2451',NULL,'02-26860822','麥味登樹林秀泰','https://dgz2b3tzb57hl.cloudfront.net/00ef1ae98b0a0fa437ccae3322b22059.jpg','新北市板橋區大觀路三段160巷46號','24.9941843','121.4297676','09:00:00','21:00:00','星期一',5,'新北市',NULL),(521,'2450',NULL,'02-22568688','麥味登新北新海','https://dgz2b3tzb57hl.cloudfront.net/48d62c92f01f0eed2992af44b9759fc9.jpg','新北市板橋區新海路117號','25.0228456','121.4610281','09:00:00','21:00:00','星期一',6,'新北市',NULL),(522,'2449',NULL,'02-82570520','麥味登板橋藝文','https://dgz2b3tzb57hl.cloudfront.net/9a490b9f731dcd419d4dcc92185827c9.jpg','新北市板橋區莊敬路99號','25.026135','121.472637','09:00:00','21:00:00','星期一',7,'新北市',NULL),(523,'2448',NULL,'02-29512885','麥味登板橋永豐','https://dgz2b3tzb57hl.cloudfront.net/4e14cb2d8dc1620981d020ce630acdd7.jpg','新北市板橋區永豐街171號','25.0205948','121.475779','09:00:00','21:00:00','星期一',8,'新北市',NULL),(524,'2436',NULL,'02-26860901','麥味登板橋金鑽','https://dgz2b3tzb57hl.cloudfront.net/6864e76fd0addf228f1b6a016723b9e3.jpg','新北市板橋區金門街324巷7號','24.985246','121.428018','09:00:00','21:00:00','星期一',9,'新北市',NULL),(525,'2435',NULL,'02-22720613','麥味登板橋中正','https://dgz2b3tzb57hl.cloudfront.net/2df1935ed2e198f2c000d0527e06a7bf.jpg','新北市板橋區中正路216巷57號','25.0191','121.457572','09:00:00','21:00:00','星期一',10,'新北市',NULL),(526,'2434',NULL,'02-22581447','麥味登板橋莊敬','https://dgz2b3tzb57hl.cloudfront.net/3b33ee70d9ee49f7.jpg','新北市板橋區莊敬路162號','25.0225405','121.4713256','09:00:00','21:00:00','星期一',1,'新北市',NULL),(527,'2433',NULL,'02-22566826','麥味登板橋莒光','https://dgz2b3tzb57hl.cloudfront.net/4ddbdd52-4cda-4aa9-b753-ebfb087e9480.jpeg','新北市板橋區莒光路188號','25.0225634','121.4740143','09:00:00','21:00:00','星期一',2,'新北市',NULL),(528,'2432',NULL,'02-22500350','麥味登板橋懷德','https://dgz2b3tzb57hl.cloudfront.net/4ddbdd52-4cda-4aa9-b753-ebfb087e9480.jpeg','新北市板橋區懷德街181巷23號','25.0304125','121.4801569','09:00:00','21:00:00','星期一',3,'新北市',NULL),(529,'2431',NULL,'02-29691688','麥味登板橋合安','https://dgz2b3tzb57hl.cloudfront.net/69031175a710a925f5f26e1441d97daf.jpg','新北市板橋區合宜路115號','24.9986231','121.4479224','09:00:00','21:00:00','星期一',4,'新北市',NULL),(530,'2430',NULL,'02-22541266','麥味登板橋光武','https://dgz2b3tzb57hl.cloudfront.net/00ef1ae98b0a0fa437ccae3322b22059.jpg','新北市板橋區光武街63號','25.0257595','121.4674016','09:00:00','21:00:00','星期一',5,'新北市',NULL),(531,'2429',NULL,'02-29649695','麥味登板橋貴興','https://dgz2b3tzb57hl.cloudfront.net/48d62c92f01f0eed2992af44b9759fc9.jpg','新北市板橋區貴興路109號','25.002512','121.455884','09:00:00','21:00:00','星期一',6,'新北市',NULL),(532,'2428',NULL,'02-29627677','麥味登板橋光環','https://dgz2b3tzb57hl.cloudfront.net/9a490b9f731dcd419d4dcc92185827c9.jpg','新北市板橋區光環路二段76號','25.014772','121.4814776','09:00:00','21:00:00','星期一',7,'新北市',NULL),(533,'2427',NULL,'02-29555560','麥味登板橋廣和','https://dgz2b3tzb57hl.cloudfront.net/4e14cb2d8dc1620981d020ce630acdd7.jpg','新北市板橋區廣和街52號','24.9942116','121.4622434','09:00:00','21:00:00','星期一',8,'新北市',NULL),(534,'2426',NULL,'02-29682628','麥味登板橋國光','https://dgz2b3tzb57hl.cloudfront.net/6864e76fd0addf228f1b6a016723b9e3.jpg','新北市板橋區國光路187號','25.0186496','121.46106','09:00:00','21:00:00','星期一',9,'新北市',NULL),(535,'2425',NULL,'02-29581685','麥味登板橋大崙','https://dgz2b3tzb57hl.cloudfront.net/2df1935ed2e198f2c000d0527e06a7bf.jpg','新北市板橋區長安街331巷89號','25.0126561','121.4721187','09:00:00','21:00:00','星期一',10,'新北市',NULL),(536,'2424',NULL,'02-22597039','麥味登板橋長江','https://dgz2b3tzb57hl.cloudfront.net/3b33ee70d9ee49f7.jpg','新北市板橋區長江路一段150號','25.0301741','121.4609439','09:00:00','21:00:00','星期一',1,'新北市',NULL),(537,'2412',NULL,'02-24376703','麥味登基隆經國','https://dgz2b3tzb57hl.cloudfront.net/4ddbdd52-4cda-4aa9-b753-ebfb087e9480.jpeg','基隆市中山區復興路323號','25.150349','121.727483','09:00:00','21:00:00','星期一',2,'基隆市',NULL),(538,'2411',NULL,'02-24699111','麥味登基隆新豐','https://dgz2b3tzb57hl.cloudfront.net/4ddbdd52-4cda-4aa9-b753-ebfb087e9480.jpeg','基隆市中正區新豐街363號','25.1355299','121.7863213','09:00:00','21:00:00','星期一',3,'基隆市',NULL),(539,'2410',NULL,'02-24631323','麥味登基隆祥豐','https://dgz2b3tzb57hl.cloudfront.net/69031175a710a925f5f26e1441d97daf.jpg','基隆市中正區祥豐街325號','25.1446684','121.7676165','09:00:00','21:00:00','星期一',4,'基隆市',NULL),(540,'2409',NULL,'02-24633308','麥味登基隆海大','https://dgz2b3tzb57hl.cloudfront.net/00ef1ae98b0a0fa437ccae3322b22059.jpg','基隆市中正區中正路772號','25.151619','121.7703715','09:00:00','21:00:00','星期一',5,'基隆市',NULL),(541,'2408',NULL,'02-24256950','麥味登基隆義六','https://dgz2b3tzb57hl.cloudfront.net/48d62c92f01f0eed2992af44b9759fc9.jpg','基隆市信義區義六路23號','25.1301789','121.7510737','09:00:00','21:00:00','星期一',6,'基隆市',NULL),(542,'2407',NULL,'02-24652258','麥味登基隆陽光二店','https://dgz2b3tzb57hl.cloudfront.net/9a490b9f731dcd419d4dcc92185827c9.jpg','基隆市信義區深溪路79號','25.133489','121.782312','09:00:00','21:00:00','星期一',7,'基隆市',NULL),(543,'2406',NULL,'02-24680931','麥味登基隆陽光心情','https://dgz2b3tzb57hl.cloudfront.net/4e14cb2d8dc1620981d020ce630acdd7.jpg','基隆市信義區教忠街98號','25.1361557','121.7785894','09:00:00','21:00:00','星期一',8,'基隆市',NULL),(544,'2405',NULL,'02-24661168','麥味登基隆微笑台北','https://dgz2b3tzb57hl.cloudfront.net/6864e76fd0addf228f1b6a016723b9e3.jpg','基隆市信義區孝東路92號地下1層之3','25.1281315','121.7797781','09:00:00','21:00:00','星期一',9,'基隆市',NULL),(545,'2404',NULL,'02-24271115','麥味登基隆孝三','https://dgz2b3tzb57hl.cloudfront.net/2df1935ed2e198f2c000d0527e06a7bf.jpg','基隆市仁愛區孝三路36號','25.129784','121.7392975','09:00:00','21:00:00','星期一',10,'基隆市',NULL),(546,'2403',NULL,'02-24260425','麥味登基隆站前','https://dgz2b3tzb57hl.cloudfront.net/3b33ee70d9ee49f7.jpg','基隆市仁愛區孝四路29號','25.1314006','121.7393109','09:00:00','21:00:00','星期一',1,'基隆市',NULL),(547,'2402',NULL,'02-29350818','麥味登文山世新','https://dgz2b3tzb57hl.cloudfront.net/4ddbdd52-4cda-4aa9-b753-ebfb087e9480.jpeg','臺北市文山區景興路288號','24.9893689','121.54209181','09:00:00','21:00:00','星期一',2,'台北市',NULL),(548,'2401',NULL,'02-29301098','麥味登文山饗食大亨','https://dgz2b3tzb57hl.cloudfront.net/4ddbdd52-4cda-4aa9-b753-ebfb087e9480.jpeg','臺北市文山區羅斯福路五段218巷25號','25.00207527','121.5375967','09:00:00','21:00:00','星期一',3,'台北市',NULL),(549,'2400',NULL,'02-29392619','麥味登文山興隆','https://dgz2b3tzb57hl.cloudfront.net/69031175a710a925f5f26e1441d97daf.jpg','臺北市文山區興隆路四段119號','24.9858097','121.56138654','09:00:00','21:00:00','星期一',4,'台北市',NULL),(550,'2388',NULL,'02-26275822','麥味登內湖園區','https://dgz2b3tzb57hl.cloudfront.net/00ef1ae98b0a0fa437ccae3322b22059.jpg','臺北市內湖區內湖路一段323巷30號','25.08428198','121.5678929','09:00:00','21:00:00','星期一',5,'台北市',NULL),(551,'2387',NULL,'02-87516996','麥味登內湖文湖','https://dgz2b3tzb57hl.cloudfront.net/48d62c92f01f0eed2992af44b9759fc9.jpg','臺北市內湖區文湖街49號','25.08681076','121.5622466','09:00:00','21:00:00','星期一',6,'台北市',NULL),(552,'2386',NULL,'02-87920660','麥味登內湖星雲','https://dgz2b3tzb57hl.cloudfront.net/9a490b9f731dcd419d4dcc92185827c9.jpg','臺北市內湖區星雲街10號1F','25.07755256','121.59045301','09:00:00','21:00:00','星期一',7,'台北市',NULL),(553,'2385',NULL,'02-27960603','麥味登內湖新明','https://dgz2b3tzb57hl.cloudfront.net/4e14cb2d8dc1620981d020ce630acdd7.jpg','臺北市內湖區新明路198號','25.0573165','121.58496787','09:00:00','21:00:00','星期一',8,'台北市',NULL),(554,'2384',NULL,'02-27956995','麥味登內湖新湖','https://dgz2b3tzb57hl.cloudfront.net/6864e76fd0addf228f1b6a016723b9e3.jpg','臺北市內湖區新湖三路118號','25.06407794','121.57744897','09:00:00','21:00:00','星期一',9,'台北市',NULL),(555,'2383',NULL,'02-26333323','麥味登內湖葫洲','https://dgz2b3tzb57hl.cloudfront.net/2df1935ed2e198f2c000d0527e06a7bf.jpg','臺北市內湖區民權東路六段296巷67號','25.07093316','121.60763201','09:00:00','21:00:00','星期一',10,'台北市',NULL),(556,'2382',NULL,'0979498491','麥味登內湖光寶','https://dgz2b3tzb57hl.cloudfront.net/3b33ee70d9ee49f7.jpg','臺北市內湖區瑞光路392號','25.07779954','121.57117732','09:00:00','21:00:00','星期一',1,'台北市',NULL),(557,'2381',NULL,'02-26272227','麥味登內湖旗艦','https://dgz2b3tzb57hl.cloudfront.net/4ddbdd52-4cda-4aa9-b753-ebfb087e9480.jpeg','臺北市內湖區文德路90巷43號','25.07730718','121.5832438','09:00:00','21:00:00','星期一',2,'台北市',NULL),(558,'2380',NULL,'02-26277311','麥味登內湖波士店','https://dgz2b3tzb57hl.cloudfront.net/4ddbdd52-4cda-4aa9-b753-ebfb087e9480.jpeg','臺北市內湖區內湖路一段411巷9弄4號','25.08217871','121.5713842','09:00:00','21:00:00','星期一',3,'台北市',NULL),(559,'2379',NULL,'02-87916778','麥味登內湖碧湖','https://dgz2b3tzb57hl.cloudfront.net/69031175a710a925f5f26e1441d97daf.jpg','臺北市內湖區金龍路107號','25.08564854','121.591069','09:00:00','21:00:00','星期一',4,'台北市',NULL),(560,'2378',NULL,'02-28220198','麥味登北投陽明','https://dgz2b3tzb57hl.cloudfront.net/00ef1ae98b0a0fa437ccae3322b22059.jpg','臺北市北投區立農街二段275號','25.11889675','121.5151923','09:00:00','21:00:00','星期一',5,'台北市',NULL),(561,'2377',NULL,'02-28201888','麥味登北投實踐','https://dgz2b3tzb57hl.cloudfront.net/48d62c92f01f0eed2992af44b9759fc9.jpg','臺北市北投區實踐街62號','25.11519898','121.50984865','09:00:00','21:00:00','星期一',6,'台北市',NULL),(562,'2376',NULL,'02-28985212','麥味登北投奇岩','https://dgz2b3tzb57hl.cloudfront.net/9a490b9f731dcd419d4dcc92185827c9.jpg','臺北市北投區三合街二段463號','25.12632698','121.501781','09:00:00','21:00:00','星期一',7,'台北市',NULL),(563,'2364',NULL,'02-23395976','麥味登萬華寶興','https://dgz2b3tzb57hl.cloudfront.net/4e14cb2d8dc1620981d020ce630acdd7.jpg','臺北市萬華區寶興街109號','25.0255169','121.49469554','09:00:00','21:00:00','星期一',8,'台北市',NULL),(564,'2363',NULL,'02-23717288','麥味登北市西門','https://dgz2b3tzb57hl.cloudfront.net/6864e76fd0addf228f1b6a016723b9e3.jpg','臺北市萬華區西寧南路24號','25.0461544','121.50676632','09:00:00','21:00:00','星期一',9,'台北市',NULL),(565,'2362',NULL,'02-23075752','麥味登北市成功','https://dgz2b3tzb57hl.cloudfront.net/2df1935ed2e198f2c000d0527e06a7bf.jpg','臺北市萬華區萬大路177號','25.02819831','121.50073237','09:00:00','21:00:00','星期一',10,'台北市',NULL),(566,'2361',NULL,'02-27065066','麥味登北市通化','https://dgz2b3tzb57hl.cloudfront.net/3b33ee70d9ee49f7.jpg','臺北市大安區通安街54號','25.03118758','121.55318122','09:00:00','21:00:00','星期一',1,'台北市',NULL),(567,'2360',NULL,'02-27077551','麥味登北市瑞安','https://dgz2b3tzb57hl.cloudfront.net/4ddbdd52-4cda-4aa9-b753-ebfb087e9480.jpeg','臺北市大安區瑞安街208巷26號','25.02886826','121.54040152','09:00:00','21:00:00','星期一',2,'台北市',NULL),(568,'2359',NULL,'02-27037182','麥味登北市仁愛','https://dgz2b3tzb57hl.cloudfront.net/4ddbdd52-4cda-4aa9-b753-ebfb087e9480.jpeg','臺北市大安區仁愛路三段24巷1-6號','25.03678262','121.5356852','09:00:00','21:00:00','星期一',3,'台北市',NULL),(569,'2358',NULL,'02-27017080','麥味登北市大安','https://dgz2b3tzb57hl.cloudfront.net/69031175a710a925f5f26e1441d97daf.jpg','臺北市大安區大安路二段134號','25.02980474','121.5458685','09:00:00','21:00:00','星期一',4,'台北市',NULL),(570,'2357',NULL,'02-85095201','麥味登北市西松','https://dgz2b3tzb57hl.cloudfront.net/00ef1ae98b0a0fa437ccae3322b22059.jpg','臺北市松山區健康路325巷6弄2號','25.05478164','121.56754044','09:00:00','21:00:00','星期一',5,'台北市',NULL),(571,'2356',NULL,'02-25782800','麥味登北市參食','https://dgz2b3tzb57hl.cloudfront.net/48d62c92f01f0eed2992af44b9759fc9.jpg','臺北市松山區光復北路60巷19-4號','25.04964094','121.55663097','09:00:00','21:00:00','星期一',6,'台北市',NULL),(572,'2355',NULL,'02-27476080','麥味登北市新東興','https://dgz2b3tzb57hl.cloudfront.net/9a490b9f731dcd419d4dcc92185827c9.jpg','臺北市松山區八德路四段245巷36號','25.05008038','121.56438728','09:00:00','21:00:00','星期一',7,'台北市',NULL),(573,'2354',NULL,'02-27607148','麥味登北市民生','https://dgz2b3tzb57hl.cloudfront.net/4e14cb2d8dc1620981d020ce630acdd7.jpg','臺北市松山區民生東路五段153-5號','25.05932782','121.562469','09:00:00','21:00:00','星期一',8,'台北市',NULL),(574,'2353',NULL,'02-27120158','麥味登北市敦北','https://dgz2b3tzb57hl.cloudfront.net/6864e76fd0addf228f1b6a016723b9e3.jpg','臺北市松山區敦化北路222巷11號','25.05928032','121.54825231','09:00:00','21:00:00','星期一',9,'台北市',NULL),(575,'2352',NULL,'02-85092968','麥味登大直北安羅伯','https://dgz2b3tzb57hl.cloudfront.net/2df1935ed2e198f2c000d0527e06a7bf.jpg','臺北市中山區北安路595巷19號','25.08224179','121.54748587','09:00:00','21:00:00','星期一',10,'台北市',NULL),(576,'2340',NULL,'02-23657279','麥味登北市台大','https://dgz2b3tzb57hl.cloudfront.net/3b33ee70d9ee49f7.jpg','臺北市中正區羅斯福路四段118號','25.013259','121.53551078','09:00:00','21:00:00','星期一',1,'台北市',NULL),(577,'2339',NULL,'02-23652299','麥味登北市和平','https://dgz2b3tzb57hl.cloudfront.net/4ddbdd52-4cda-4aa9-b753-ebfb087e9480.jpeg','臺北市中正區廈門街75號','25.02479862','121.5175223','09:00:00','21:00:00','星期一',2,'台北市',NULL),(578,'2337',NULL,'08-7620062#','蘇蔡農場餐廳','https://dgz2b3tzb57hl.cloudfront.net/4ddbdd52-4cda-4aa9-b753-ebfb087e9480.jpeg','屏東縣長治鄉農環路6號','22.71045288','120.54197887','09:00:00','21:00:00','星期一',3,'屏東縣',NULL),(579,'2336',NULL,'0968297838','豆韻','https://dgz2b3tzb57hl.cloudfront.net/69031175a710a925f5f26e1441d97daf.jpg','新北市中和區安平路218號','24.99990523','121.51390447','09:00:00','21:00:00','星期一',4,'新北市',NULL),(580,'2335',NULL,'02-22217037','春水堂 中和環球','https://dgz2b3tzb57hl.cloudfront.net/00ef1ae98b0a0fa437ccae3322b22059.jpg','新北市中和區新北市中和區中山路122號','25.00582937','121.5060097','09:00:00','21:00:00','星期一',5,'新北市',NULL),(581,'2334',NULL,'02-22267678','添好運','https://dgz2b3tzb57hl.cloudfront.net/48d62c92f01f0eed2992af44b9759fc9.jpg','新北市中和區新北市中和區中山路三段122號','25.0066821','121.47476817','09:00:00','21:00:00','星期一',6,'新北市',NULL),(582,'2333',NULL,'03-8535906#','群酌小吃','https://dgz2b3tzb57hl.cloudfront.net/9a490b9f731dcd419d4dcc92185827c9.jpg','花蓮縣吉安鄉東昌村東里1街61號1樓','23.97385399','121.58427742','09:00:00','21:00:00','星期一',7,'花蓮縣',NULL),(583,'2332',NULL,'04-27082208#3311','沐青全日餐廳','https://dgz2b3tzb57hl.cloudfront.net/4e14cb2d8dc1620981d020ce630acdd7.jpg','臺中市西屯區河南路二段211號3樓','24.17551627','120.6502471','09:00:00','21:00:00','星期一',8,'台中市',NULL),(584,'2331',NULL,'02-24986259#','福華海鮮餐廳','https://dgz2b3tzb57hl.cloudfront.net/6864e76fd0addf228f1b6a016723b9e3.jpg','新北市金山區民生路51巷1號','25.22019317','121.6420582','09:00:00','21:00:00','星期一',9,'新北市',NULL),(585,'2330',NULL,'03-3116111#8602','世界先進積體電路(股)公司-三廠餐廳','https://dgz2b3tzb57hl.cloudfront.net/2df1935ed2e198f2c000d0527e06a7bf.jpg','桃園市蘆竹區南崁路一段336號','25.05655028','121.28362604','09:00:00','21:00:00','星期一',10,'桃園市',NULL),(586,'3116',NULL,'04-26814771#1591','巨大機械工業股份有限公司-GTM員工餐廳','https://dgz2b3tzb57hl.cloudfront.net/3b33ee70d9ee49f7.jpg','臺中市大甲區順帆路19號','24.4085942','120.6379253','09:00:00','21:00:00','星期一',1,'台中市',NULL),(587,'3115',NULL,'03-4331198#','氽鍋上選鍋物 中壢SOGO店','https://dgz2b3tzb57hl.cloudfront.net/4ddbdd52-4cda-4aa9-b753-ebfb087e9480.jpeg','桃園市中壢區元化路357號B1F','24.9626957','121.2238507','09:00:00','21:00:00','星期一',2,'桃園市',NULL),(588,'3114',NULL,'02-23616931','星巴克','https://dgz2b3tzb57hl.cloudfront.net/4ddbdd52-4cda-4aa9-b753-ebfb087e9480.jpeg','臺北市萬華區台北市萬華區桂林路1號','25.03794943','121.50586999','09:00:00','21:00:00','星期一',3,'台北市',NULL),(589,'3113',NULL,'08-9672661#','甜園夫婦炸物餐飲專賣店','https://dgz2b3tzb57hl.cloudfront.net/69031175a710a925f5f26e1441d97daf.jpg','臺東縣綠島鄉南寮村110號','22.6560719','121.4827508','09:00:00','21:00:00','星期一',4,'臺東縣',NULL),(590,'3101',NULL,'02-23813607','炸雞大獅','https://dgz2b3tzb57hl.cloudfront.net/00ef1ae98b0a0fa437ccae3322b22059.jpg','臺北市萬華區台北市萬華區桂林路1號','25.03794943','121.50585926','09:00:00','21:00:00','星期一',5,'台北市',NULL),(591,'3099',NULL,'02-22216389#','大心新泰式麵食 中和環球','https://dgz2b3tzb57hl.cloudfront.net/48d62c92f01f0eed2992af44b9759fc9.jpg','新北市中和區中山路三段122號4F','25.0066821','121.47476817','09:00:00','21:00:00','星期一',6,'新北市',NULL),(592,'3098',NULL,'02-77317999#','燒肉LIKE中和環球','https://dgz2b3tzb57hl.cloudfront.net/9a490b9f731dcd419d4dcc92185827c9.jpg','新北市中和區中山路三段122號B2F','25.0066821','121.47476817','09:00:00','21:00:00','星期一',7,'新北市',NULL),(593,'3097',NULL,'0916796199','老厝54','https://dgz2b3tzb57hl.cloudfront.net/4e14cb2d8dc1620981d020ce630acdd7.jpg','屏東縣萬巒鄉赤山村東山路54號','22.58957229','120.6132742','09:00:00','21:00:00','星期一',8,'屏東縣',NULL),(594,'3096',NULL,'02-77074941#','王品餐飲股份有限公禾七台北家樂福桂林店','https://dgz2b3tzb57hl.cloudfront.net/6864e76fd0addf228f1b6a016723b9e3.jpg','臺北市萬華區桂林路1號4樓','25.03786092','121.5058635','09:00:00','21:00:00','星期一',9,'台北市',NULL),(595,'3095',NULL,'03-8885789','麥味登花蓮玉里','https://dgz2b3tzb57hl.cloudfront.net/2df1935ed2e198f2c000d0527e06a7bf.jpg','花蓮縣玉里鎮民族街10號','23.3356715','121.3146763','09:00:00','21:00:00','星期一',10,'花蓮縣',NULL),(596,'3094',NULL,'03-8760552','麥味登花蓮鳳林','https://dgz2b3tzb57hl.cloudfront.net/3b33ee70d9ee49f7.jpg','花蓮縣鳳林鎮中正路二段37號','23.9871589','121.6015714','09:00:00','21:00:00','星期一',1,'花蓮縣',NULL),(597,'3093',NULL,'03-8538911','麥味登花蓮南埔','https://dgz2b3tzb57hl.cloudfront.net/4ddbdd52-4cda-4aa9-b753-ebfb087e9480.jpeg','花蓮縣吉安鄉中正路一段225號','23.9645642','121.5906525','09:00:00','21:00:00','星期一',2,'花蓮縣',NULL),(598,'3092',NULL,'03-8537988','麥味登花蓮專司','https://dgz2b3tzb57hl.cloudfront.net/4ddbdd52-4cda-4aa9-b753-ebfb087e9480.jpeg','花蓮縣吉安鄉自立路一段38號','23.9783906','121.5912267','09:00:00','21:00:00','星期一',3,'花蓮縣',NULL),(599,'3091',NULL,'03-8358816','麥味登花蓮復興','https://dgz2b3tzb57hl.cloudfront.net/69031175a710a925f5f26e1441d97daf.jpg','花蓮縣花蓮市復興街28號','23.9764217','121.6109479','09:00:00','21:00:00','星期一',4,'花蓮縣',NULL),(600,'3090',NULL,'03-8571439','麥味登花蓮慈濟','https://dgz2b3tzb57hl.cloudfront.net/00ef1ae98b0a0fa437ccae3322b22059.jpg','花蓮縣花蓮市中山路一段5號','23.9964396','121.5940074','09:00:00','21:00:00','星期一',5,'花蓮縣',NULL),(601,'3089',NULL,'03-8570255','麥味登花蓮慈大','https://dgz2b3tzb57hl.cloudfront.net/48d62c92f01f0eed2992af44b9759fc9.jpg','花蓮縣花蓮市莊敬路321號','23.9920629','121.5922364','09:00:00','21:00:00','星期一',6,'花蓮縣',NULL),(602,'3088',NULL,'08-9865519','麥味登池上公主','https://dgz2b3tzb57hl.cloudfront.net/9a490b9f731dcd419d4dcc92185827c9.jpg','臺東縣池上鄉中山路284號','23.124688','121.2189019','09:00:00','21:00:00','星期一',7,'臺東縣',NULL),(603,'3087',NULL,'08-9332100','麥味登台東光榮','https://dgz2b3tzb57hl.cloudfront.net/4e14cb2d8dc1620981d020ce630acdd7.jpg','臺東縣台東市光榮街57號','22.747965','121.1349673','09:00:00','21:00:00','星期一',8,'臺東縣',NULL),(604,'3086',NULL,'08-8892712','麥味登恆春中正店','https://dgz2b3tzb57hl.cloudfront.net/6864e76fd0addf228f1b6a016723b9e3.jpg','屏東縣恆春鎮中正路137號','22.0044898','120.7439818','09:00:00','21:00:00','星期一',9,'屏東縣',NULL),(605,'3085',NULL,'08-8883838','麥味登恆春環城','https://dgz2b3tzb57hl.cloudfront.net/2df1935ed2e198f2c000d0527e06a7bf.jpg','屏東縣恆春鎮環城北路279號','22.0093017','120.7462954','09:00:00','21:00:00','星期一',10,'屏東縣',NULL),(606,'3071',NULL,'06-9922689','麥味登澎湖湖西','https://dgz2b3tzb57hl.cloudfront.net/3b33ee70d9ee49f7.jpg','澎湖縣湖西鄉湖西村141號','23.5823171','119.6571596','09:00:00','21:00:00','星期一',1,'澎湖縣',NULL),(607,'3070',NULL,'06-9219968','麥味登澎湖石泉','https://dgz2b3tzb57hl.cloudfront.net/4ddbdd52-4cda-4aa9-b753-ebfb087e9480.jpeg','澎湖縣馬公市石泉里1-18號','23.5645477','119.5648554','09:00:00','21:00:00','星期一',2,'澎湖縣',NULL),(608,'3069',NULL,'06-9952866','麥味登澎南','https://dgz2b3tzb57hl.cloudfront.net/4ddbdd52-4cda-4aa9-b753-ebfb087e9480.jpeg','澎湖縣馬公市鎖港里410號','23.5297877','119.6004025','09:00:00','21:00:00','星期一',3,'澎湖縣',NULL),(609,'3068',NULL,'06-9277765','麥味登澎科大','https://dgz2b3tzb57hl.cloudfront.net/69031175a710a925f5f26e1441d97daf.jpg','澎湖縣馬公市三多路一巷2號1F','23.5757939','119.5750436','09:00:00','21:00:00','星期一',4,'澎湖縣',NULL),(610,'3067',NULL,'06-9210300','麥味登東文澳','https://dgz2b3tzb57hl.cloudfront.net/00ef1ae98b0a0fa437ccae3322b22059.jpg','澎湖縣馬公市東文里179-50號','23.5596839','119.5847087','09:00:00','21:00:00','星期一',5,'澎湖縣',NULL),(611,'3066',NULL,'07-6906771','麥味登茄萣','https://dgz2b3tzb57hl.cloudfront.net/48d62c92f01f0eed2992af44b9759fc9.jpg','高雄市茄萣區茄萣路二段280號','22.9016073','120.1830709','09:00:00','21:00:00','星期一',6,'高雄市',NULL),(612,'3065',NULL,'07-6629660','麥味登旗山中華','https://dgz2b3tzb57hl.cloudfront.net/9a490b9f731dcd419d4dcc92185827c9.jpg','高雄市旗山區中華路536號','22.8884628','120.4851313','09:00:00','21:00:00','星期一',7,'高雄市',NULL),(613,'3064',NULL,'07-6516242','麥味登久堂中興','https://dgz2b3tzb57hl.cloudfront.net/4e14cb2d8dc1620981d020ce630acdd7.jpg','高雄市大樹區中興街2號','22.6590654','120.4201052','09:00:00','21:00:00','星期一',8,'高雄市',NULL),(614,'3063',NULL,'07-7818908','麥味登金山角','https://dgz2b3tzb57hl.cloudfront.net/6864e76fd0addf228f1b6a016723b9e3.jpg','高雄市大寮區中正路42號','22.6185656','120.3879505','09:00:00','21:00:00','星期一',9,'高雄市',NULL),(615,'3062',NULL,'07-7839182','麥味登進學','https://dgz2b3tzb57hl.cloudfront.net/2df1935ed2e198f2c000d0527e06a7bf.jpg','高雄市大寮區進學路190號1F','22.604206','120.3929483','09:00:00','21:00:00','星期一',10,'高雄市',NULL),(616,'3061',NULL,'07-7808036','麥味登鳳山文教','https://dgz2b3tzb57hl.cloudfront.net/3b33ee70d9ee49f7.jpg','高雄市鳳山區文教路108巷2號','22.6341733','120.3492629','09:00:00','21:00:00','星期一',1,'高雄市',NULL),(617,'3047',NULL,'07-6228050','麥味登岡山維仁','https://dgz2b3tzb57hl.cloudfront.net/4ddbdd52-4cda-4aa9-b753-ebfb087e9480.jpeg','高雄市岡山區維仁路5號','22.791875','120.2924037','09:00:00','21:00:00','星期一',2,'高雄市',NULL),(618,'3046',NULL,'07-6257080','麥味登岡山大義','https://dgz2b3tzb57hl.cloudfront.net/4ddbdd52-4cda-4aa9-b753-ebfb087e9480.jpeg','高雄市岡山區大義二路28號','22.789481','120.284923','09:00:00','21:00:00','星期一',3,'高雄市',NULL),(619,'3045',NULL,'07-3533660','麥味登大社中山','https://dgz2b3tzb57hl.cloudfront.net/69031175a710a925f5f26e1441d97daf.jpg','高雄市大社區中山路254號1F','22.7317739','120.3486105','09:00:00','21:00:00','星期一',4,'高雄市',NULL),(620,'3044',NULL,'07-3753856','麥味登仁武京吉','https://dgz2b3tzb57hl.cloudfront.net/00ef1ae98b0a0fa437ccae3322b22059.jpg','高雄市仁武區京吉六路25號1F','22.6842427','120.3428412','09:00:00','21:00:00','星期一',5,'高雄市',NULL),(621,'3043',NULL,'07-3745856','麥味登仁武赤仁','https://dgz2b3tzb57hl.cloudfront.net/48d62c92f01f0eed2992af44b9759fc9.jpg','高雄市仁武區赤仁路112號1樓','22.6766762','120.3479271','09:00:00','21:00:00','星期一',6,'高雄市',NULL),(622,'3042',NULL,'07-3733529','麥味登仁武八德','https://dgz2b3tzb57hl.cloudfront.net/9a490b9f731dcd419d4dcc92185827c9.jpg','高雄市仁武區八德中路207號','22.6866212','120.3355426','09:00:00','21:00:00','星期一',7,'高雄市',NULL),(623,'3041',NULL,'07-3450688','麥味登左營文自','https://dgz2b3tzb57hl.cloudfront.net/4e14cb2d8dc1620981d020ce630acdd7.jpg','高雄市左營區文自路836號1F','22.6843071','120.3150169','09:00:00','21:00:00','星期一',8,'高雄市',NULL),(624,'3040',NULL,'07-3484589','麥味登左營文平','https://dgz2b3tzb57hl.cloudfront.net/6864e76fd0addf228f1b6a016723b9e3.jpg','高雄市左營區文平街42號','22.6848013','120.3119053','09:00:00','21:00:00','星期一',9,'高雄市',NULL),(625,'3039',NULL,'07-3103880','麥味登左營榮德','https://dgz2b3tzb57hl.cloudfront.net/2df1935ed2e198f2c000d0527e06a7bf.jpg','高雄市左營區榮德街149號','22.6829359','120.3203975','09:00:00','21:00:00','星期一',10,'高雄市',NULL),(626,'3038',NULL,'07-3415088','麥味登左營立大','https://dgz2b3tzb57hl.cloudfront.net/3b33ee70d9ee49f7.jpg','高雄市左營區立大路337號','22.677389','120.303632','09:00:00','21:00:00','星期一',1,'高雄市',NULL),(627,'3037',NULL,'07-3416991','麥味登左營蓁愛','https://dgz2b3tzb57hl.cloudfront.net/4ddbdd52-4cda-4aa9-b753-ebfb087e9480.jpeg','高雄市左營區文學路247號','22.687625','120.312852','09:00:00','21:00:00','星期一',2,'高雄市',NULL),(628,'3024',NULL,'07-3656876','麥味登楠梓加工區','https://dgz2b3tzb57hl.cloudfront.net/4ddbdd52-4cda-4aa9-b753-ebfb087e9480.jpeg','高雄市楠梓區德明路352號','22.719049','120.286378','09:00:00','21:00:00','星期一',3,'高雄市',NULL),(629,'3023',NULL,'07-3662822','麥味登楠梓德賢','https://dgz2b3tzb57hl.cloudfront.net/69031175a710a925f5f26e1441d97daf.jpg','高雄市楠梓區德賢路162號','22.7271256','120.3074432','09:00:00','21:00:00','星期一',4,'高雄市',NULL),(630,'3022',NULL,'07-3525223','麥味登楠梓創新','https://dgz2b3tzb57hl.cloudfront.net/00ef1ae98b0a0fa437ccae3322b22059.jpg','高雄市楠梓區創新路888號','22.7506111','120.3317006','09:00:00','21:00:00','星期一',5,'高雄市',NULL),(631,'3021',NULL,'07-3639595','麥味登楠梓翠屏','https://dgz2b3tzb57hl.cloudfront.net/48d62c92f01f0eed2992af44b9759fc9.jpg','高雄市楠梓區翠屏路36號','22.725579','120.2996963','09:00:00','21:00:00','星期一',6,'高雄市',NULL),(632,'3020',NULL,'07-3535065','麥味登楠梓旗楠','https://dgz2b3tzb57hl.cloudfront.net/9a490b9f731dcd419d4dcc92185827c9.jpg','高雄市楠梓區旗楠路146號','22.7329714','120.3310242','09:00:00','21:00:00','星期一',7,'高雄市',NULL),(633,'3019',NULL,'07-3646946','麥味登高雄大學','https://dgz2b3tzb57hl.cloudfront.net/4e14cb2d8dc1620981d020ce630acdd7.jpg','高雄市楠梓區大學十七街382號1F','22.7290431','120.2823807','09:00:00','21:00:00','星期一',8,'高雄市',NULL),(634,'3018',NULL,'07-3981414','麥味登三民義明','https://dgz2b3tzb57hl.cloudfront.net/6864e76fd0addf228f1b6a016723b9e3.jpg','高雄市三民區義明街6號','22.641967','120.340153','09:00:00','21:00:00','星期一',9,'高雄市',NULL),(635,'3017',NULL,'07-3223052','麥味登三民熱河','https://dgz2b3tzb57hl.cloudfront.net/2df1935ed2e198f2c000d0527e06a7bf.jpg','高雄市三民區熱河一街129號','22.6434512','120.3102149','09:00:00','21:00:00','星期一',10,'高雄市',NULL),(636,'3016',NULL,'07-3927234','麥味登三民建元','https://dgz2b3tzb57hl.cloudfront.net/3b33ee70d9ee49f7.jpg','高雄市三民區建元路7號','22.647644','120.317796','09:00:00','21:00:00','星期一',1,'高雄市',NULL),(637,'3015',NULL,'07-3962838','麥味登三民建興','https://dgz2b3tzb57hl.cloudfront.net/4ddbdd52-4cda-4aa9-b753-ebfb087e9480.jpeg','高雄市三民區建興路62號','22.6424621','120.329766','09:00:00','21:00:00','星期一',2,'高雄市',NULL),(638,'3014',NULL,'07-3809708','麥味登三民正興','https://dgz2b3tzb57hl.cloudfront.net/4ddbdd52-4cda-4aa9-b753-ebfb087e9480.jpeg','高雄市三民區正興路109號','22.645775','120.320312','09:00:00','21:00:00','星期一',3,'高雄市',NULL),(639,'3013',NULL,'07-3223853','麥味登三民吉林','https://dgz2b3tzb57hl.cloudfront.net/69031175a710a925f5f26e1441d97daf.jpg','高雄市三民區吉林街120號一樓','22.6433678','120.3062986','09:00:00','21:00:00','星期一',4,'高雄市',NULL),(640,'2999',NULL,'07-7219559','麥味登前鎮隆興','https://dgz2b3tzb57hl.cloudfront.net/00ef1ae98b0a0fa437ccae3322b22059.jpg','高雄市前鎮區隆興街10號','22.6029157','120.3264847','09:00:00','21:00:00','星期一',5,'高雄市',NULL),(641,'2998',NULL,'07-8410947','麥味登前鎮鎮海','https://dgz2b3tzb57hl.cloudfront.net/48d62c92f01f0eed2992af44b9759fc9.jpg','高雄市前鎮區鎮海八街106號','22.5899375','120.3147539','09:00:00','21:00:00','星期一',6,'高雄市',NULL),(642,'2997',NULL,'07-5711158','麥味登旗津','https://dgz2b3tzb57hl.cloudfront.net/9a490b9f731dcd419d4dcc92185827c9.jpg','高雄市旗津區旗津三路978巷1號','22.6084655','120.269853','09:00:00','21:00:00','星期一',7,'高雄市',NULL),(643,'2996',NULL,'07-5218815','麥味登壽山動物園','https://dgz2b3tzb57hl.cloudfront.net/4e14cb2d8dc1620981d020ce630acdd7.jpg','高雄市鼓山區萬壽路350號','22.6353139','120.2781572','09:00:00','21:00:00','星期一',8,'高雄市',NULL),(644,'2995',NULL,'07-5550502','麥味登鼓山裕誠','https://dgz2b3tzb57hl.cloudfront.net/6864e76fd0addf228f1b6a016723b9e3.jpg','高雄市鼓山區裕誠路1669號','22.6604126','120.2943129','09:00:00','21:00:00','星期一',9,'高雄市',NULL),(645,'2994',NULL,'07-5526551','麥味登鼓山文忠','https://dgz2b3tzb57hl.cloudfront.net/2df1935ed2e198f2c000d0527e06a7bf.jpg','高雄市鼓山區文忠路75號一樓','22.6650833','120.2996783','09:00:00','21:00:00','星期一',10,'高雄市',NULL),(646,'2993',NULL,'07-5319519','麥味登鼓山西藏','https://dgz2b3tzb57hl.cloudfront.net/3b33ee70d9ee49f7.jpg','高雄市鼓山區西藏街350巷1號','22.6547673','120.2759424','09:00:00','21:00:00','星期一',1,'高雄市',NULL),(647,'2992',NULL,'07-3343221','麥味登苓雅壹','https://dgz2b3tzb57hl.cloudfront.net/4ddbdd52-4cda-4aa9-b753-ebfb087e9480.jpeg','高雄市苓雅區苓雅一路404-3號','22.6192061','120.3047221','09:00:00','21:00:00','星期一',2,'高雄市',NULL),(648,'2991',NULL,'07-5365220','麥味登苓雅興中','https://dgz2b3tzb57hl.cloudfront.net/4ddbdd52-4cda-4aa9-b753-ebfb087e9480.jpeg','高雄市苓雅區興中一路116號','22.6179044','120.3107989','09:00:00','21:00:00','星期一',3,'高雄市',NULL),(649,'2990',NULL,'07-2237288','麥味登苓雅金門','https://dgz2b3tzb57hl.cloudfront.net/69031175a710a925f5f26e1441d97daf.jpg','高雄市苓雅區金門街51號','22.6260056','120.3126323','09:00:00','21:00:00','星期一',4,'高雄市',NULL),(650,'2989',NULL,'07-2236908','麥味登苓雅青年','https://dgz2b3tzb57hl.cloudfront.net/00ef1ae98b0a0fa437ccae3322b22059.jpg','高雄市苓雅區青年一路6-6號','22.6247181','120.3159823','09:00:00','21:00:00','星期一',5,'高雄市',NULL),(651,'2975',NULL,'06-7839899','麥味登學甲中正','https://dgz2b3tzb57hl.cloudfront.net/48d62c92f01f0eed2992af44b9759fc9.jpg','臺南市學甲區中正路133號','23.2302219','120.1793555','09:00:00','21:00:00','星期一',6,'台南市',NULL),(652,'2974',NULL,'06-7220668','麥味登佳里中山','https://dgz2b3tzb57hl.cloudfront.net/9a490b9f731dcd419d4dcc92185827c9.jpg','臺南市佳里區中山路466號','23.1648274','120.1776297','09:00:00','21:00:00','星期一',7,'台南市',NULL),(653,'2973',NULL,'06-5951537','麥味登關廟南雄','https://dgz2b3tzb57hl.cloudfront.net/4e14cb2d8dc1620981d020ce630acdd7.jpg','臺南市關廟區南雄路二段125號','22.9634843','120.3286047','09:00:00','21:00:00','星期一',8,'台南市',NULL),(654,'2972',NULL,'06-3033023','麥味登高鐵發發','https://dgz2b3tzb57hl.cloudfront.net/6864e76fd0addf228f1b6a016723b9e3.jpg','臺南市歸仁區高發二路353號','22.92779','120.2894213','09:00:00','21:00:00','星期一',9,'台南市',NULL),(655,'2971',NULL,'06-2306552','麥味登歸仁新大通','https://dgz2b3tzb57hl.cloudfront.net/2df1935ed2e198f2c000d0527e06a7bf.jpg','臺南市歸仁區大通路136號','22.9681568','120.2931619','09:00:00','21:00:00','星期一',10,'台南市',NULL),(656,'2970',NULL,'06-2437653','麥味登永康鹽忠','https://dgz2b3tzb57hl.cloudfront.net/3b33ee70d9ee49f7.jpg','臺南市永康區鹽忠街116號','23.0415067','120.2331731','09:00:00','21:00:00','星期一',1,'台南市',NULL),(657,'2969',NULL,'06-2738566','麥味登永康大灣','https://dgz2b3tzb57hl.cloudfront.net/4ddbdd52-4cda-4aa9-b753-ebfb087e9480.jpeg','臺南市永康區大灣路318號','23.006511','120.2671773','09:00:00','21:00:00','星期一',2,'台南市',NULL),(658,'2968',NULL,'06-3125252','麥味登台南中華','https://dgz2b3tzb57hl.cloudfront.net/4ddbdd52-4cda-4aa9-b753-ebfb087e9480.jpeg','臺南市永康區中華路10巷10號','22.9997548','120.2355342','09:00:00','21:00:00','星期一',3,'台南市',NULL),(659,'2967',NULL,'06-3021039','麥味登台南東橋','https://dgz2b3tzb57hl.cloudfront.net/69031175a710a925f5f26e1441d97daf.jpg','臺南市永康區東橋八街210號','23.0220863','120.2362077','09:00:00','21:00:00','星期一',4,'台南市',NULL),(660,'2966',NULL,'06-2566858','麥味登台南淵中店','https://dgz2b3tzb57hl.cloudfront.net/00ef1ae98b0a0fa437ccae3322b22059.jpg','臺南市安南區安中路四段169號','23.0498636','120.1690775','09:00:00','21:00:00','星期一',5,'台南市',NULL),(661,'2965',NULL,'06-3550020','麥味登台南和順','https://dgz2b3tzb57hl.cloudfront.net/48d62c92f01f0eed2992af44b9759fc9.jpg','臺南市安南區安和路五段210號','23.0669151','120.2175086','09:00:00','21:00:00','星期一',6,'台南市',NULL),(662,'2951',NULL,'06-2213342','麥味登台南金華','https://dgz2b3tzb57hl.cloudfront.net/9a490b9f731dcd419d4dcc92185827c9.jpg','臺南市中西區金華路三段61號','22.98970006','120.19213508','09:00:00','21:00:00','星期一',7,'台南市',NULL),(663,'2950',NULL,'05-7872472','麥味登雲林四湖','https://dgz2b3tzb57hl.cloudfront.net/4e14cb2d8dc1620981d020ce630acdd7.jpg','雲林縣四湖鄉美山街28巷3號','23.63526911','120.22723724','09:00:00','21:00:00','星期一',8,'雲林縣',NULL),(664,'2949',NULL,'05-7825511','麥味登雲林北港','https://dgz2b3tzb57hl.cloudfront.net/6864e76fd0addf228f1b6a016723b9e3.jpg','雲林縣北港鎮華勝路396號','23.58283638','120.299173','09:00:00','21:00:00','星期一',9,'雲林縣',NULL),(665,'2948',NULL,'05-7835986','麥味登北港大同','https://dgz2b3tzb57hl.cloudfront.net/2df1935ed2e198f2c000d0527e06a7bf.jpg','雲林縣北港鎮大同路186號','23.57157428','120.3019398','09:00:00','21:00:00','星期一',10,'雲林縣',NULL),(666,'2947',NULL,'05-5986979','麥味登二崙中山店','https://dgz2b3tzb57hl.cloudfront.net/3b33ee70d9ee49f7.jpg','雲林縣二崙鄉中山路116號','23.77030287','120.41286497','09:00:00','21:00:00','星期一',1,'雲林縣',NULL),(667,'2946',NULL,'05-5883365','麥味登西螺中正','https://dgz2b3tzb57hl.cloudfront.net/4ddbdd52-4cda-4aa9-b753-ebfb087e9480.jpeg','雲林縣西螺鎮漢光里中正路169-2號1樓','23.79819621','120.4572039','09:00:00','21:00:00','星期一',2,'雲林縣',NULL),(668,'2945',NULL,'05-5326608','麥味登斗六文化','https://dgz2b3tzb57hl.cloudfront.net/4ddbdd52-4cda-4aa9-b753-ebfb087e9480.jpeg','雲林縣斗六市文化路211號','23.71192212','120.55322484','09:00:00','21:00:00','星期一',3,'雲林縣',NULL),(669,'2944',NULL,'05-5337660','麥味登斗六西平','https://dgz2b3tzb57hl.cloudfront.net/69031175a710a925f5f26e1441d97daf.jpg','雲林縣斗六市三平里西平路113號','23.7105624','120.5365883','09:00:00','21:00:00','星期一',4,'雲林縣',NULL),(670,'2943',NULL,'05-5362679','麥味登斗六縣府','https://dgz2b3tzb57hl.cloudfront.net/00ef1ae98b0a0fa437ccae3322b22059.jpg','雲林縣斗六市府文路19之12號','23.69900293','120.527606','09:00:00','21:00:00','星期一',5,'雲林縣',NULL),(671,'2942',NULL,'05-5370577','麥味登斗六龍潭','https://dgz2b3tzb57hl.cloudfront.net/48d62c92f01f0eed2992af44b9759fc9.jpg','雲林縣斗六市龍潭路13-4號','23.6915109','120.52878897','09:00:00','21:00:00','星期一',6,'雲林縣',NULL),(672,'2941',NULL,'05-5337738','麥味登斗六莊敬','https://dgz2b3tzb57hl.cloudfront.net/9a490b9f731dcd419d4dcc92185827c9.jpg','雲林縣斗六市莊敬路77號','23.7034715','120.54928542','09:00:00','21:00:00','星期一',7,'雲林縣',NULL),(673,'2926',NULL,'05-2380500','麥味登太保麻太','https://dgz2b3tzb57hl.cloudfront.net/4e14cb2d8dc1620981d020ce630acdd7.jpg','嘉義縣太保市麻太路133.135號','23.4975373','120.3632045','09:00:00','21:00:00','星期一',8,'嘉義縣',NULL),(674,'2925',NULL,'05-2335959','麥味登嘉義自由店','https://dgz2b3tzb57hl.cloudfront.net/6864e76fd0addf228f1b6a016723b9e3.jpg','嘉義市西區保安一路306號','23.4928875','120.4336738','09:00:00','21:00:00','星期一',9,'嘉義市',NULL),(675,'2924',NULL,'05-2755707','麥味登嘉義新生','https://dgz2b3tzb57hl.cloudfront.net/2df1935ed2e198f2c000d0527e06a7bf.jpg','嘉義市東區新生路661號','23.4937328','120.4567968','09:00:00','21:00:00','星期一',10,'嘉義市',NULL),(676,'2923',NULL,'05-2365777','麥味登嘉義上海','https://dgz2b3tzb57hl.cloudfront.net/3b33ee70d9ee49f7.jpg','嘉義市西區上海路318號','23.4705341','120.437901','09:00:00','21:00:00','星期一',1,'嘉義市',NULL),(677,'2922',NULL,'05-2865900','麥味登嘉義南京','https://dgz2b3tzb57hl.cloudfront.net/4ddbdd52-4cda-4aa9-b753-ebfb087e9480.jpeg','嘉義市西區南京路45號','23.4561172','120.441876','09:00:00','21:00:00','星期一',2,'嘉義市',NULL),(678,'2921',NULL,'05-2712755','麥味登嘉義公園','https://dgz2b3tzb57hl.cloudfront.net/4ddbdd52-4cda-4aa9-b753-ebfb087e9480.jpeg','嘉義市東區民權路40號','23.4843725','120.4640088','09:00:00','21:00:00','星期一',3,'嘉義市',NULL),(679,'2920',NULL,'05-2233031','麥味登嘉義輔仁','https://dgz2b3tzb57hl.cloudfront.net/69031175a710a925f5f26e1441d97daf.jpg','嘉義市東區立仁路345號','23.4623707','120.4565671','09:00:00','21:00:00','星期一',4,'嘉義市',NULL),(680,'2919',NULL,'04-92643760','麥味登南投竹山','https://dgz2b3tzb57hl.cloudfront.net/00ef1ae98b0a0fa437ccae3322b22059.jpg','南投縣竹山鎮祖師街1之1號','23.755816','120.6864847','09:00:00','21:00:00','星期一',5,'南投縣',NULL),(681,'2918',NULL,'04-92776628','麥味登水里民族','https://dgz2b3tzb57hl.cloudfront.net/48d62c92f01f0eed2992af44b9759fc9.jpg','南投縣水里鄉民族路426號','23.8146852','120.854416','09:00:00','21:00:00','星期一',6,'南投縣',NULL),(682,'2917',NULL,'04-92906075','麥味登埔里中山','https://dgz2b3tzb57hl.cloudfront.net/9a490b9f731dcd419d4dcc92185827c9.jpg','南投縣埔里鎮中山路二段197號','23.9677317','120.9704346','09:00:00','21:00:00','星期一',7,'南投縣',NULL),(683,'2903',NULL,'04-8898017','麥味登彰化溪州','https://dgz2b3tzb57hl.cloudfront.net/4e14cb2d8dc1620981d020ce630acdd7.jpg','彰化縣溪州鄉中山路三段446-1號','23.8525071','120.4972818','09:00:00','21:00:00','星期一',8,'彰化縣',NULL),(684,'2902',NULL,'04-8876338','麥味登北斗地政店','https://dgz2b3tzb57hl.cloudfront.net/6864e76fd0addf228f1b6a016723b9e3.jpg','彰化縣北斗鎮地政路402號','23.8744883','120.5251991','09:00:00','21:00:00','星期一',9,'彰化縣',NULL),(685,'2901',NULL,'04-8748299','麥味登彰化田中','https://dgz2b3tzb57hl.cloudfront.net/2df1935ed2e198f2c000d0527e06a7bf.jpg','彰化縣田中鎮福安路389號','23.8644166','120.5851601','09:00:00','21:00:00','星期一',10,'彰化縣',NULL),(686,'2900',NULL,'04-8534165','麥味登大葉大學','https://dgz2b3tzb57hl.cloudfront.net/3b33ee70d9ee49f7.jpg','彰化縣大村鄉黃厝村山腳路42-4號','23.985651','120.588086','09:00:00','21:00:00','星期一',1,'彰化縣',NULL),(687,'2899',NULL,'04-8853877','麥味登彰化溪湖','https://dgz2b3tzb57hl.cloudfront.net/4ddbdd52-4cda-4aa9-b753-ebfb087e9480.jpeg','彰化縣溪湖鎮彰水路三段399號','23.9621184','120.4799324','09:00:00','21:00:00','星期一',2,'彰化縣',NULL),(688,'2898',NULL,'04-8232959','麥味登彰化永靖','https://dgz2b3tzb57hl.cloudfront.net/4ddbdd52-4cda-4aa9-b753-ebfb087e9480.jpeg','彰化縣永靖鄉瑚璉路63號1樓','23.9264705','120.5517228','09:00:00','21:00:00','星期一',3,'彰化縣',NULL),(689,'2897',NULL,'04-8725001','麥味登彰化社頭','https://dgz2b3tzb57hl.cloudfront.net/69031175a710a925f5f26e1441d97daf.jpg','彰化縣社頭鄉員集路一段781號','23.8919894','120.587378','09:00:00','21:00:00','星期一',4,'彰化縣',NULL),(690,'2896',NULL,'04-8382286','麥味登員林員農','https://dgz2b3tzb57hl.cloudfront.net/00ef1ae98b0a0fa437ccae3322b22059.jpg','彰化縣員林市員水路二段262號','23.9552979','120.5828874','09:00:00','21:00:00','星期一',5,'彰化縣',NULL),(691,'2895',NULL,'04-8395671','麥味登員林中山','https://dgz2b3tzb57hl.cloudfront.net/48d62c92f01f0eed2992af44b9759fc9.jpg','彰化縣員林市中山路二段353號','23.9683944','120.5711994','09:00:00','21:00:00','星期一',6,'彰化縣',NULL),(692,'2894',NULL,'04-8332579','麥味登員林丰盛','https://dgz2b3tzb57hl.cloudfront.net/9a490b9f731dcd419d4dcc92185827c9.jpg','彰化縣員林市南平街135號','23.965616','120.564623','09:00:00','21:00:00','星期一',7,'彰化縣',NULL),(693,'2893',NULL,'04-7998890','麥味登伸港新港','https://dgz2b3tzb57hl.cloudfront.net/4e14cb2d8dc1620981d020ce630acdd7.jpg','彰化縣伸港鄉新港路328號','24.1494115','120.4865601','09:00:00','21:00:00','星期一',8,'彰化縣',NULL),(694,'2879',NULL,'04-7272728#','麥味登彰化成功','https://dgz2b3tzb57hl.cloudfront.net/6864e76fd0addf228f1b6a016723b9e3.jpg','彰化縣彰化市成功路27號','24.0757593','120.5413143','09:00:00','21:00:00','星期一',9,'彰化縣',NULL),(695,'2878',NULL,'0982538630','麥味登彰化秀傳','https://dgz2b3tzb57hl.cloudfront.net/2df1935ed2e198f2c000d0527e06a7bf.jpg','彰化縣彰化市南興里中山路一段362號1樓','24.060966','120.535561','09:00:00','21:00:00','星期一',10,'彰化縣',NULL),(696,'2877',NULL,'04-26885591','麥味登大甲東店','https://dgz2b3tzb57hl.cloudfront.net/3b33ee70d9ee49f7.jpg','臺中市外埔區甲后路5段88號','24.342367','120.6381234','09:00:00','21:00:00','星期一',1,'台中市',NULL),(697,'2876',NULL,'04-26880998','麥味登大甲順天','https://dgz2b3tzb57hl.cloudfront.net/4ddbdd52-4cda-4aa9-b753-ebfb087e9480.jpeg','臺中市大甲區順天路216號','24.3468554','120.6245379','09:00:00','21:00:00','星期一',2,'台中市',NULL),(698,'2875',NULL,'04-26801278','麥味登大甲三民','https://dgz2b3tzb57hl.cloudfront.net/4ddbdd52-4cda-4aa9-b753-ebfb087e9480.jpeg','臺中市大甲區三民路181號','24.3501394','120.6223918','09:00:00','21:00:00','星期一',3,'台中市',NULL),(699,'2874',NULL,'04-26877533','麥味登大甲經國','https://dgz2b3tzb57hl.cloudfront.net/69031175a710a925f5f26e1441d97daf.jpg','臺中市大甲區經國路408號','24.3483274','120.6173015','09:00:00','21:00:00','星期一',4,'台中市',NULL),(700,'2873',NULL,'04-26867857','麥味登大甲國中','https://dgz2b3tzb57hl.cloudfront.net/00ef1ae98b0a0fa437ccae3322b22059.jpg','臺中市大甲區育英路135號','24.3529343','120.622279','09:00:00','21:00:00','星期一',5,'台中市',NULL),(701,'2872',NULL,'04-26263758','麥味登清水五權店','https://dgz2b3tzb57hl.cloudfront.net/48d62c92f01f0eed2992af44b9759fc9.jpg','臺中市清水區民治路212號','24.2758633','120.5702538','09:00:00','21:00:00','星期一',6,'台中市',NULL),(702,'2871',NULL,'04-26229889','麥味登清水中正','https://dgz2b3tzb57hl.cloudfront.net/9a490b9f731dcd419d4dcc92185827c9.jpg','臺中市清水區中正街71-1號','24.2630175','120.5703975','09:00:00','21:00:00','星期一',7,'台中市',NULL),(703,'2870',NULL,'04-26575057','麥味登清水鰲峰','https://dgz2b3tzb57hl.cloudfront.net/4e14cb2d8dc1620981d020ce630acdd7.jpg','臺中市清水區鰲峰路585-6號','24.2639871','120.5475967','09:00:00','21:00:00','星期一',8,'台中市',NULL),(704,'2869',NULL,'04-26561252','麥味登梧棲四維','https://dgz2b3tzb57hl.cloudfront.net/6864e76fd0addf228f1b6a016723b9e3.jpg','臺中市梧棲區四維路106巷33號','24.2609637','120.5377317','09:00:00','21:00:00','星期一',9,'台中市',NULL),(705,'2855',NULL,'04-25626210','麥味登神岡中山','https://dgz2b3tzb57hl.cloudfront.net/2df1935ed2e198f2c000d0527e06a7bf.jpg','臺中市神岡區中山路1343號','24.2587368','120.6613585','09:00:00','21:00:00','星期一',10,'台中市',NULL),(706,'2854',NULL,'04-25605310','麥味登大雅雅環','https://dgz2b3tzb57hl.cloudfront.net/3b33ee70d9ee49f7.jpg','臺中市大雅區雅環路一段253號','24.2217633','120.6534614','09:00:00','21:00:00','星期一',1,'台中市',NULL),(707,'2853',NULL,'04-25601827','麥味登大雅學府','https://dgz2b3tzb57hl.cloudfront.net/4ddbdd52-4cda-4aa9-b753-ebfb087e9480.jpeg','臺中市大雅區學府路479號','24.2291991','120.6472928','09:00:00','21:00:00','星期一',2,'台中市',NULL),(708,'2852',NULL,'04-25670110','麥味登大雅小蘋果','https://dgz2b3tzb57hl.cloudfront.net/4ddbdd52-4cda-4aa9-b753-ebfb087e9480.jpeg','臺中市大雅區中清東路126號','24.2222204','120.6482159','09:00:00','21:00:00','星期一',3,'台中市',NULL),(709,'2851',NULL,'04-25604445','麥味登大雅民生','https://dgz2b3tzb57hl.cloudfront.net/69031175a710a925f5f26e1441d97daf.jpg','臺中市大雅區民生路三段477號','24.2352372','120.6661022','09:00:00','21:00:00','星期一',4,'台中市',NULL),(710,'2850',NULL,'04-25678288','麥味登大雅旗艦','https://dgz2b3tzb57hl.cloudfront.net/00ef1ae98b0a0fa437ccae3322b22059.jpg','臺中市大雅區中山北路392號','24.2219108','120.6455829','09:00:00','21:00:00','星期一',5,'台中市',NULL),(711,'2849',NULL,'04-25349668','麥味登潭子頭家','https://dgz2b3tzb57hl.cloudfront.net/48d62c92f01f0eed2992af44b9759fc9.jpg','臺中市潭子區頭張路二段97號','24.193959','120.6953263','09:00:00','21:00:00','星期一',6,'台中市',NULL),(712,'2848',NULL,'04-25393993','麥味登潭子潭福','https://dgz2b3tzb57hl.cloudfront.net/9a490b9f731dcd419d4dcc92185827c9.jpg','臺中市潭子區福潭路260號','24.2085788','120.7102218','09:00:00','21:00:00','星期一',7,'台中市',NULL),(713,'2847',NULL,'04-25341070','麥味登潭子新科','https://dgz2b3tzb57hl.cloudfront.net/4e14cb2d8dc1620981d020ce630acdd7.jpg','臺中市潭子區榮興街135號1樓','24.1908551','120.7016282','09:00:00','21:00:00','星期一',8,'台中市',NULL),(714,'2846',NULL,'04-25388388','麥味登潭子祥和','https://dgz2b3tzb57hl.cloudfront.net/6864e76fd0addf228f1b6a016723b9e3.jpg','臺中市潭子區祥和路106巷2號','24.2297527','120.7119911','09:00:00','21:00:00','星期一',9,'台中市',NULL),(715,'2845',NULL,'04-25320100','麥味登潭子中山','https://dgz2b3tzb57hl.cloudfront.net/2df1935ed2e198f2c000d0527e06a7bf.jpg','臺中市潭子區中山路二段170號1樓','24.2046723','120.7045532','09:00:00','21:00:00','星期一',10,'台中市',NULL),(716,'2831',NULL,'04-23363665','麥味登烏日明道','https://dgz2b3tzb57hl.cloudfront.net/3b33ee70d9ee49f7.jpg','臺中市烏日區中山路一段523號','24.106372','120.634743','09:00:00','21:00:00','星期一',1,'台中市',NULL),(717,'2830',NULL,'04-23360280','麥味登烏日中山','https://dgz2b3tzb57hl.cloudfront.net/4ddbdd52-4cda-4aa9-b753-ebfb087e9480.jpeg','臺中市烏日區中山路三段242之2號1樓','24.1087934','120.60693','09:00:00','21:00:00','星期一',2,'台中市',NULL),(718,'2829',NULL,'0902163588','麥味登台中高鐵','https://dgz2b3tzb57hl.cloudfront.net/4ddbdd52-4cda-4aa9-b753-ebfb087e9480.jpeg','臺中市烏日區高鐵東一路26號2樓 台鐵烏日站內','24.1100804','120.6127193','09:00:00','21:00:00','星期一',3,'台中市',NULL),(719,'2828',NULL,'04-23395008','麥味登亞洲大學','https://dgz2b3tzb57hl.cloudfront.net/69031175a710a925f5f26e1441d97daf.jpg','臺中市霧峰區柳豐路500號','24.0461479','120.6874019','09:00:00','21:00:00','星期一',4,'台中市',NULL),(720,'2827',NULL,'04-23303518','麥味登霧峰亞洲','https://dgz2b3tzb57hl.cloudfront.net/00ef1ae98b0a0fa437ccae3322b22059.jpg','臺中市霧峰區福新路272號','24.0509699','120.6842131','09:00:00','21:00:00','星期一',5,'台中市',NULL),(721,'2826',NULL,'04-23303335','麥味登霧峰吉峰','https://dgz2b3tzb57hl.cloudfront.net/48d62c92f01f0eed2992af44b9759fc9.jpg','臺中市霧峰區吉峰路100-1號','24.0764241','120.7077601','09:00:00','21:00:00','星期一',6,'台中市',NULL),(722,'2825',NULL,'04-23306005','麥味登霧峰朝陽大學','https://dgz2b3tzb57hl.cloudfront.net/9a490b9f731dcd419d4dcc92185827c9.jpg','臺中市霧峰區吉峰東路38號','24.0753948','120.7143576','09:00:00','21:00:00','星期一',7,'台中市',NULL),(723,'2824',NULL,'04-24914172','麥味登修平科大','https://dgz2b3tzb57hl.cloudfront.net/4e14cb2d8dc1620981d020ce630acdd7.jpg','臺中市大里區工業四路26號','24.0950727','120.7147264','09:00:00','21:00:00','星期一',8,'台中市',NULL),(724,'2823',NULL,'04-24837481','麥味登大里現岱','https://dgz2b3tzb57hl.cloudfront.net/6864e76fd0addf228f1b6a016723b9e3.jpg','臺中市大里區現岱路169號','24.1032744','120.6913451','09:00:00','21:00:00','星期一',9,'台中市',NULL),(725,'2822',NULL,'04-22759001','麥味登大里立中','https://dgz2b3tzb57hl.cloudfront.net/2df1935ed2e198f2c000d0527e06a7bf.jpg','臺中市大里區新甲路58號','24.1025386','120.6973784','09:00:00','21:00:00','星期一',10,'台中市',NULL),(726,'2821',NULL,'04-24061808','麥味登大里長興店','https://dgz2b3tzb57hl.cloudfront.net/3b33ee70d9ee49f7.jpg','臺中市大里區長興一街25號','24.0990743','120.6794258','09:00:00','21:00:00','星期一',1,'台中市',NULL),(727,'2807',NULL,'04-24528705','麥味登台中福星','https://dgz2b3tzb57hl.cloudfront.net/4ddbdd52-4cda-4aa9-b753-ebfb087e9480.jpeg','臺中市西屯區福星北一街1號','24.1831324','120.6447188','09:00:00','21:00:00','星期一',2,'台中市',NULL),(728,'2806',NULL,'04-27003626','麥味登台中富美','https://dgz2b3tzb57hl.cloudfront.net/4ddbdd52-4cda-4aa9-b753-ebfb087e9480.jpeg','臺中市西屯區烈美街122號','24.179888','120.642696','09:00:00','21:00:00','星期一',3,'台中市',NULL),(729,'2805',NULL,'04-23153369','麥味登西屯櫻花','https://dgz2b3tzb57hl.cloudfront.net/69031175a710a925f5f26e1441d97daf.jpg','臺中市西屯區櫻花路36號','24.1698888','120.6521952','09:00:00','21:00:00','星期一',4,'台中市',NULL),(730,'2804',NULL,'04-24610378#','麥味登西屯福林','https://dgz2b3tzb57hl.cloudfront.net/00ef1ae98b0a0fa437ccae3322b22059.jpg','臺中市西屯區西屯路三段宏福五巷4弄7號','24.1883499','120.6154663','09:00:00','21:00:00','星期一',5,'台中市',NULL),(731,'2803',NULL,'04-24633332','麥味登西屯福康','https://dgz2b3tzb57hl.cloudfront.net/48d62c92f01f0eed2992af44b9759fc9.jpg','臺中市西屯區福康路23號','24.1835504','120.6167194','09:00:00','21:00:00','星期一',6,'台中市',NULL),(732,'2802',NULL,'04-24637760','麥味登國安鈞臨','https://dgz2b3tzb57hl.cloudfront.net/9a490b9f731dcd419d4dcc92185827c9.jpg','臺中市西屯區國安一路59號','24.1905893','120.6143551','09:00:00','21:00:00','星期一',7,'台中市',NULL),(733,'2801',NULL,'04-24523123','麥味登逢甲逢大','https://dgz2b3tzb57hl.cloudfront.net/4e14cb2d8dc1620981d020ce630acdd7.jpg','臺中市西屯區逢大路113號','24.1778227','120.6502832','09:00:00','21:00:00','星期一',8,'台中市',NULL),(734,'2800',NULL,'04-23598258','麥味登東海國際','https://dgz2b3tzb57hl.cloudfront.net/6864e76fd0addf228f1b6a016723b9e3.jpg','臺中市西屯區國際街10號','24.1837635','120.5936051','09:00:00','21:00:00','星期一',9,'台中市',NULL),(735,'2799',NULL,'04-22378266','麥味登台中天津','https://dgz2b3tzb57hl.cloudfront.net/2df1935ed2e198f2c000d0527e06a7bf.jpg','臺中市北屯區天津路三段42號','24.1696603','120.6802832','09:00:00','21:00:00','星期一',10,'台中市',NULL),(736,'2798',NULL,'0908031688','麥味登台中松義','https://dgz2b3tzb57hl.cloudfront.net/3b33ee70d9ee49f7.jpg','臺中市北屯區松義街119號','24.1837893','120.6981723','09:00:00','21:00:00','星期一',1,'台中市',NULL),(737,'2797',NULL,'04-24390028','麥味登台中冠軍','https://dgz2b3tzb57hl.cloudfront.net/4ddbdd52-4cda-4aa9-b753-ebfb087e9480.jpeg','臺中市北屯區軍功路二段246號','24.1803437','120.7198014','09:00:00','21:00:00','星期一',2,'台中市',NULL),(738,'2783',NULL,'04-23013661','麥味登台中民生','https://dgz2b3tzb57hl.cloudfront.net/4ddbdd52-4cda-4aa9-b753-ebfb087e9480.jpeg','臺中市西區生路514號','24.1430604','120.6631289','09:00:00','21:00:00','星期一',3,'台中市',NULL),(739,'2782',NULL,'04-23202885','麥味登大墩十街','https://dgz2b3tzb57hl.cloudfront.net/69031175a710a925f5f26e1441d97daf.jpg','臺中市西區墩十街70號','24.1430604','120.6631289','09:00:00','21:00:00','星期一',4,'台中市',NULL),(740,'2781',NULL,'04-23761087','麥味登台中南屯','https://dgz2b3tzb57hl.cloudfront.net/00ef1ae98b0a0fa437ccae3322b22059.jpg','臺中市南區屯路一段283號','24.1231013','120.6552828','09:00:00','21:00:00','星期一',5,'台中市',NULL),(741,'2780',NULL,'0986803088','麥味登台中嶺東','https://dgz2b3tzb57hl.cloudfront.net/48d62c92f01f0eed2992af44b9759fc9.jpg','臺中市南屯區建功路107號1樓','24.136056','120.6068621','09:00:00','21:00:00','星期一',6,'台中市',NULL),(742,'2779',NULL,'04-22606863#','麥味登台中復興','https://dgz2b3tzb57hl.cloudfront.net/9a490b9f731dcd419d4dcc92185827c9.jpg','臺中市南區復興路二段159號','24.1271018','120.6656601','09:00:00','21:00:00','星期一',7,'台中市',NULL),(743,'2778',NULL,'04-22600070#','麥味登台中東興店','https://dgz2b3tzb57hl.cloudfront.net/4e14cb2d8dc1620981d020ce630acdd7.jpg','臺中市南區東興路一段42號','24.1191501','120.6569842','09:00:00','21:00:00','星期一',8,'台中市',NULL),(744,'2777',NULL,'04-22621269#','麥味登大安國王','https://dgz2b3tzb57hl.cloudfront.net/6864e76fd0addf228f1b6a016723b9e3.jpg','臺中市南區明南路761號','24.13559','120.6440897','09:00:00','21:00:00','星期一',9,'台中市',NULL),(745,'2776',NULL,'04-22233377#','麥味登台中站前','https://dgz2b3tzb57hl.cloudfront.net/2df1935ed2e198f2c000d0527e06a7bf.jpg','臺中市中區建國路155號','24.1380435','120.6852064','09:00:00','21:00:00','星期一',10,'台中市',NULL),(746,'2775',NULL,'03-7875053','麥味登三義八股','https://dgz2b3tzb57hl.cloudfront.net/3b33ee70d9ee49f7.jpg','苗栗縣三義鄉八股路36-5號','24.4070618','120.7672288','09:00:00','21:00:00','星期一',1,'苗栗縣',NULL),(747,'2774',NULL,'03-7368891','麥味登苗栗南苗','https://dgz2b3tzb57hl.cloudfront.net/4ddbdd52-4cda-4aa9-b753-ebfb087e9480.jpeg','苗栗縣苗栗市中正路1118號','24.5466848','120.8160783','09:00:00','21:00:00','星期一',2,'苗栗縣',NULL),(748,'2773',NULL,'03-7366883','麥味登苗栗聯大','https://dgz2b3tzb57hl.cloudfront.net/4ddbdd52-4cda-4aa9-b753-ebfb087e9480.jpeg','苗栗縣苗栗市恭敬里12鄰華岡70號','24.5461196','120.8139998','09:00:00','21:00:00','星期一',3,'苗栗縣',NULL),(749,'2759',NULL,'03-2121458','麥味登南崁五福','https://dgz2b3tzb57hl.cloudfront.net/69031175a710a925f5f26e1441d97daf.jpg','桃園市蘆竹區五福六路54號','25.0547531','121.2967571','09:00:00','21:00:00','星期一',4,'桃園市',NULL),(750,'2758',NULL,'03-3240226','麥味登蘆竹南山','https://dgz2b3tzb57hl.cloudfront.net/00ef1ae98b0a0fa437ccae3322b22059.jpg','桃園市蘆竹區南山路三段304號','25.0853463','121.2863738','09:00:00','21:00:00','星期一',5,'桃園市',NULL),(751,'2757',NULL,'03-3530990','麥味登蘆竹樂福','https://dgz2b3tzb57hl.cloudfront.net/48d62c92f01f0eed2992af44b9759fc9.jpg','桃園市蘆竹區六福路215-1號','25.0599863','121.2967654','09:00:00','21:00:00','星期一',6,'桃園市',NULL),(752,'2756',NULL,'03-3136679','麥味登蘆竹中興','https://dgz2b3tzb57hl.cloudfront.net/9a490b9f731dcd419d4dcc92185827c9.jpg','桃園市蘆竹區中興六街6號','25.0153788','121.2601974','09:00:00','21:00:00','星期一',7,'桃園市',NULL),(753,'2755',NULL,'03-3111078','麥味登蘆竹家好食','https://dgz2b3tzb57hl.cloudfront.net/4e14cb2d8dc1620981d020ce630acdd7.jpg','桃園市蘆竹區南竹路二段39號','25.0423825','121.2863379','09:00:00','21:00:00','星期一',8,'桃園市',NULL),(754,'2754',NULL,'03-3119071','麥味登蘆竹光明','https://dgz2b3tzb57hl.cloudfront.net/6864e76fd0addf228f1b6a016723b9e3.jpg','桃園市蘆竹區南順六街49號','25.0397142','121.2900588','09:00:00','21:00:00','星期一',9,'桃園市',NULL),(755,'2753',NULL,'03-3210622','麥味登蘆竹奉化','https://dgz2b3tzb57hl.cloudfront.net/2df1935ed2e198f2c000d0527e06a7bf.jpg','桃園市蘆竹區奉化路88號','25.0400062','121.2874536','09:00:00','21:00:00','星期一',10,'桃園市',NULL),(756,'2752',NULL,'03-3213155','麥味登蘆竹1117','https://dgz2b3tzb57hl.cloudfront.net/3b33ee70d9ee49f7.jpg','桃園市蘆竹區洛陽街137號','25.0444975','121.2905139','09:00:00','21:00:00','星期一',1,'桃園市',NULL),(757,'2751',NULL,'03-3139413','麥味登大竹幸福','https://dgz2b3tzb57hl.cloudfront.net/4ddbdd52-4cda-4aa9-b753-ebfb087e9480.jpeg','桃園市蘆竹區大福路157號','25.0207596','121.2568056','09:00:00','21:00:00','星期一',2,'桃園市',NULL),(758,'2750',NULL,'03-3854635','麥味登大園華興','https://dgz2b3tzb57hl.cloudfront.net/4ddbdd52-4cda-4aa9-b753-ebfb087e9480.jpeg','桃園市大園區華興路124號','25.0617115','121.1939226','09:00:00','21:00:00','星期一',3,'桃園市',NULL),(759,'2749',NULL,'03-2873587','麥味登青埔羽田','https://dgz2b3tzb57hl.cloudfront.net/69031175a710a925f5f26e1441d97daf.jpg','桃園市大園區大成路二段11號','25.0203494','121.2207674','09:00:00','21:00:00','星期一',4,'桃園市',NULL),(760,'2735',NULL,'0939090006','麥味登龜山華亞','https://dgz2b3tzb57hl.cloudfront.net/00ef1ae98b0a0fa437ccae3322b22059.jpg','桃園市龜山區華亞三路39巷38號','25.0485398','121.3821922','09:00:00','21:00:00','星期一',5,'桃園市',NULL),(761,'2734',NULL,'0901381358','麥味登龜山晨曦','https://dgz2b3tzb57hl.cloudfront.net/48d62c92f01f0eed2992af44b9759fc9.jpg','桃園市龜山區文化七路12-1號','25.0532772','121.360705','09:00:00','21:00:00','星期一',6,'桃園市',NULL),(762,'2733',NULL,'03-3283197','麥味登龜山長慶','https://dgz2b3tzb57hl.cloudfront.net/9a490b9f731dcd419d4dcc92185827c9.jpg','桃園市龜山區長慶三街18號','25.0546496','121.3830158','09:00:00','21:00:00','星期一',7,'桃園市',NULL),(763,'2732',NULL,'03-3283338','麥味登龜山丘比特','https://dgz2b3tzb57hl.cloudfront.net/4e14cb2d8dc1620981d020ce630acdd7.jpg','桃園市龜山區文吉路122號','25.0446942','121.3930372','09:00:00','21:00:00','星期一',8,'桃園市',NULL),(764,'2731',NULL,'03-3020851','麥味登桃園藝文','https://dgz2b3tzb57hl.cloudfront.net/6864e76fd0addf228f1b6a016723b9e3.jpg','桃園市桃園區莊二街200號','25.0235081','121.2924868','09:00:00','21:00:00','星期一',9,'桃園市',NULL),(765,'2730',NULL,'03-3600488','麥味登桃市文中','https://dgz2b3tzb57hl.cloudfront.net/2df1935ed2e198f2c000d0527e06a7bf.jpg','桃園市桃園區文中三路88號','24.9972321','121.288811','09:00:00','21:00:00','星期一',10,'桃園市',NULL),(766,'2729',NULL,'03-3349005','麥味登桃園秀山','https://dgz2b3tzb57hl.cloudfront.net/3b33ee70d9ee49f7.jpg','桃園市桃園區秀山路89號','24.9885441','121.302097','09:00:00','21:00:00','星期一',1,'桃園市',NULL),(767,'2728',NULL,'03-3749777','麥味登桃市樹仁','https://dgz2b3tzb57hl.cloudfront.net/4ddbdd52-4cda-4aa9-b753-ebfb087e9480.jpeg','桃園市桃園區樹仁三街21號','24.9746975','121.3230941','09:00:00','21:00:00','星期一',2,'桃園市',NULL),(768,'2727',NULL,'03-3476468','麥味登桃市廈門','https://dgz2b3tzb57hl.cloudfront.net/4ddbdd52-4cda-4aa9-b753-ebfb087e9480.jpeg','桃園市桃園區廈門街110號','24.9946531','121.2970535','09:00:00','21:00:00','星期一',3,'桃園市',NULL),(769,'2726',NULL,'03-3792020','麥味登桃園上海','https://dgz2b3tzb57hl.cloudfront.net/69031175a710a925f5f26e1441d97daf.jpg','桃園市桃園區上海路114號','24.991629','121.2825637','09:00:00','21:00:00','星期一',4,'桃園市',NULL),(770,'2725',NULL,'03-3310558','麥味登桃園幸福','https://dgz2b3tzb57hl.cloudfront.net/00ef1ae98b0a0fa437ccae3322b22059.jpg','桃園市桃園區復興路432號','24.991094','121.302479','09:00:00','21:00:00','星期一',5,'桃園市',NULL),(771,'2687',NULL,'03-4908752','麥味登中壢宵夜街','https://dgz2b3tzb57hl.cloudfront.net/48d62c92f01f0eed2992af44b9759fc9.jpg','桃園市中壢區五興路343號','24.9653335','121.1934961','09:00:00','21:00:00','星期一',6,'桃園市',NULL),(772,'2686',NULL,'03-4639007','麥味登中壢陽光','https://dgz2b3tzb57hl.cloudfront.net/9a490b9f731dcd419d4dcc92185827c9.jpg','桃園市中壢區榮安十三街283號','24.9611208','121.2580417','09:00:00','21:00:00','星期一',7,'桃園市',NULL),(773,'2685',NULL,'03-4526060','麥味登中壢萬能','https://dgz2b3tzb57hl.cloudfront.net/4e14cb2d8dc1620981d020ce630acdd7.jpg','桃園市中壢區中園路二段147號','25.0012322','121.2318063','09:00:00','21:00:00','星期一',8,'桃園市',NULL),(774,'2684',NULL,'03-4380098','麥味登中壢太子','https://dgz2b3tzb57hl.cloudfront.net/6864e76fd0addf228f1b6a016723b9e3.jpg','桃園市中壢區龍和一街258號','24.938778','121.2452966','09:00:00','21:00:00','星期一',9,'桃園市',NULL),(775,'2683',NULL,'03-4333360','麥味登中壢湯城','https://dgz2b3tzb57hl.cloudfront.net/2df1935ed2e198f2c000d0527e06a7bf.jpg','桃園市中壢區中華路一段743巷2弄2號1F','24.967878','121.2479937','09:00:00','21:00:00','星期一',10,'桃園市',NULL),(776,'2682',NULL,'03-4616202','麥味登中壢喜悅','https://dgz2b3tzb57hl.cloudfront.net/3b33ee70d9ee49f7.jpg','桃園市中壢區中園路38號','24.965259','121.2364315','09:00:00','21:00:00','星期一',1,'桃園市',NULL),(777,'2681',NULL,'03-4536008','麥味登中壢普騰','https://dgz2b3tzb57hl.cloudfront.net/4ddbdd52-4cda-4aa9-b753-ebfb087e9480.jpeg','桃園市中壢區普騰街40號','24.9635223','121.2558719','09:00:00','21:00:00','星期一',2,'桃園市',NULL),(778,'2680',NULL,'03-4630248','麥味登中壢南園','https://dgz2b3tzb57hl.cloudfront.net/4ddbdd52-4cda-4aa9-b753-ebfb087e9480.jpeg','桃園市中壢區南園二路296巷23號','24.9722235','121.2276217','09:00:00','21:00:00','星期一',3,'桃園市',NULL),(779,'2679',NULL,'03-4903698','麥味登中壢民族','https://dgz2b3tzb57hl.cloudfront.net/69031175a710a925f5f26e1441d97daf.jpg','桃園市中壢區民族路五段465號','24.9577903','121.1664426','09:00:00','21:00:00','星期一',4,'桃園市',NULL),(780,'2678',NULL,'03-4595903','麥味登中壢林森','https://dgz2b3tzb57hl.cloudfront.net/00ef1ae98b0a0fa437ccae3322b22059.jpg','桃園市中壢區林森路116號','24.944956','121.2264345','09:00:00','21:00:00','星期一',5,'桃園市',NULL),(781,'2677',NULL,'03-4679428','麥味登中壢龍岡','https://dgz2b3tzb57hl.cloudfront.net/48d62c92f01f0eed2992af44b9759fc9.jpg','桃園市中壢區龍岡路二段93號','24.9459595','121.2293061','09:00:00','21:00:00','星期一',6,'桃園市',NULL),(782,'2663',NULL,'03-5951520','麥味登竹東長春','https://dgz2b3tzb57hl.cloudfront.net/9a490b9f731dcd419d4dcc92185827c9.jpg','新竹縣竹東鎮長春路三段250號','24.7451003','121.0824713','09:00:00','21:00:00','星期一',7,'新竹縣',NULL),(783,'2662',NULL,'0978305178','麥味登台積P4','https://dgz2b3tzb57hl.cloudfront.net/4e14cb2d8dc1620981d020ce630acdd7.jpg','新竹縣寶山鄉園區二路168號','24.7700659','121.0123653','09:00:00','21:00:00','星期一',8,'新竹縣',NULL),(784,'2661',NULL,'03-5120480','麥味登芎林文山','https://dgz2b3tzb57hl.cloudfront.net/6864e76fd0addf228f1b6a016723b9e3.jpg','新竹縣芎林鄉文山路303號','24.774242','121.0817784','09:00:00','21:00:00','星期一',9,'新竹縣',NULL),(785,'2660',NULL,'03-5170028','麥味登關西正義','https://dgz2b3tzb57hl.cloudfront.net/2df1935ed2e198f2c000d0527e06a7bf.jpg','新竹縣關西鎮正義路175號','24.7963843','121.1730635','09:00:00','21:00:00','星期一',10,'新竹縣',NULL),(786,'2659',NULL,'03-5883708','麥味登新竹新埔','https://dgz2b3tzb57hl.cloudfront.net/3b33ee70d9ee49f7.jpg','新竹縣新埔鎮仁愛路30號','24.8269687','121.0810049','09:00:00','21:00:00','星期一',1,'新竹縣',NULL),(787,'2658',NULL,'03-5891296','麥味登新埔中正','https://dgz2b3tzb57hl.cloudfront.net/4ddbdd52-4cda-4aa9-b753-ebfb087e9480.jpeg','新竹縣新埔鎮中正路110號','24.8266371','121.0849044','09:00:00','21:00:00','星期一',2,'新竹縣',NULL),(788,'2657',NULL,'03-5575188','麥味登新豐明新','https://dgz2b3tzb57hl.cloudfront.net/4ddbdd52-4cda-4aa9-b753-ebfb087e9480.jpeg','新竹縣新豐鄉明新一街111號','24.8649254','120.988985','09:00:00','21:00:00','星期一',3,'新竹縣',NULL),(789,'2656',NULL,'03-5591570','麥味登新豐振興','https://dgz2b3tzb57hl.cloudfront.net/69031175a710a925f5f26e1441d97daf.jpg','新竹縣新豐鄉振興街22號','24.9035076','120.9867186','09:00:00','21:00:00','星期一',4,'新竹縣',NULL),(790,'2655',NULL,'03-5575572','麥味登湖口新興','https://dgz2b3tzb57hl.cloudfront.net/00ef1ae98b0a0fa437ccae3322b22059.jpg','新竹縣湖口鄉新興路308號','24.8720738','120.9994458','09:00:00','21:00:00','星期一',5,'新竹縣',NULL),(791,'2654',NULL,'03-5998179','麥味登湖口思牛的店','https://dgz2b3tzb57hl.cloudfront.net/48d62c92f01f0eed2992af44b9759fc9.jpg','新竹縣湖口鄉中山路二段422號','24.9073909','121.048435','09:00:00','21:00:00','星期一',6,'新竹縣',NULL),(792,'2653',NULL,'03-5990711','麥味登湖口中正','https://dgz2b3tzb57hl.cloudfront.net/9a490b9f731dcd419d4dcc92185827c9.jpg','新竹縣湖口鄉中山二街67號','24.8956042','121.0405796','09:00:00','21:00:00','星期一',7,'新竹縣',NULL),(793,'2640',NULL,'0965132558','麥味登竹北中醫','https://dgz2b3tzb57hl.cloudfront.net/4e14cb2d8dc1620981d020ce630acdd7.jpg','新竹縣竹北市興隆路一段199號 (B1 一號櫃位)','24.8242874','121.001496','09:00:00','21:00:00','星期一',8,'新竹縣',NULL),(794,'2639',NULL,'03-5622725','麥味登新竹育賢','https://dgz2b3tzb57hl.cloudfront.net/6864e76fd0addf228f1b6a016723b9e3.jpg','新竹市東區南大路553號','24.7908991','120.9647983','09:00:00','21:00:00','星期一',9,'新竹市',NULL),(795,'2638',NULL,'03-5455088','麥味登新竹武陵','https://dgz2b3tzb57hl.cloudfront.net/2df1935ed2e198f2c000d0527e06a7bf.jpg','新竹市北區武陵路181號','24.8217965','120.9688324','09:00:00','21:00:00','星期一',10,'新竹市',NULL),(796,'2637',NULL,'03-5790713','麥味登新竹新莊','https://dgz2b3tzb57hl.cloudfront.net/3b33ee70d9ee49f7.jpg','新竹市東區新莊街2號','24.7843266','121.0154622','09:00:00','21:00:00','星期一',1,'新竹市',NULL),(797,'2636',NULL,'03-6686882','麥味登新竹幸福','https://dgz2b3tzb57hl.cloudfront.net/4ddbdd52-4cda-4aa9-b753-ebfb087e9480.jpeg','新竹市東區光復路一段118號','24.7814777','121.0236922','09:00:00','21:00:00','星期一',2,'新竹市',NULL),(798,'2635',NULL,'03-5239229','麥味登四維日好','https://dgz2b3tzb57hl.cloudfront.net/4ddbdd52-4cda-4aa9-b753-ebfb087e9480.jpeg','新竹市北區四維路43號','24.7960458','120.9641468','09:00:00','21:00:00','星期一',3,'新竹市',NULL),(799,'2634',NULL,'03-5301958','麥味登香山牛埔','https://dgz2b3tzb57hl.cloudfront.net/69031175a710a925f5f26e1441d97daf.jpg','新竹市香山區牛埔路418號','24.7977919','120.9432337','09:00:00','21:00:00','星期一',4,'新竹市',NULL),(800,'2633',NULL,'03-5360585','麥味登新竹南寮','https://dgz2b3tzb57hl.cloudfront.net/00ef1ae98b0a0fa437ccae3322b22059.jpg','新竹市北區榮濱路80號','24.8421431','120.9308207','09:00:00','21:00:00','星期一',5,'新竹市',NULL),(801,'2632',NULL,'03-5320756','麥味登新竹女中','https://dgz2b3tzb57hl.cloudfront.net/48d62c92f01f0eed2992af44b9759fc9.jpg','新竹市東區民族路55-1號','24.8064521','120.9747016','09:00:00','21:00:00','星期一',6,'新竹市',NULL),(802,'2631',NULL,'03-5611605','麥味登新竹南大','https://dgz2b3tzb57hl.cloudfront.net/9a490b9f731dcd419d4dcc92185827c9.jpg','新竹市東區南大路578號','24.7941639','120.9638751','09:00:00','21:00:00','星期一',7,'新竹市',NULL),(803,'2630',NULL,'03-5790858','麥味登新竹立鵬','https://dgz2b3tzb57hl.cloudfront.net/4e14cb2d8dc1620981d020ce630acdd7.jpg','新竹市東區立鵬路83號','24.7908725','121.0104946','09:00:00','21:00:00','星期一',8,'新竹市',NULL),(804,'2629',NULL,'03-5333181#','麥味登新竹竹文','https://dgz2b3tzb57hl.cloudfront.net/6864e76fd0addf228f1b6a016723b9e3.jpg','新竹市北區竹光路46號','24.8144676','120.9608148','09:00:00','21:00:00','星期一',9,'新竹市',NULL),(805,'2615',NULL,'03-9508890','麥味登宜蘭五結店','https://dgz2b3tzb57hl.cloudfront.net/2df1935ed2e198f2c000d0527e06a7bf.jpg','宜蘭縣五結鄉自強路2號','24.6830383','121.7952677','09:00:00','21:00:00','星期一',10,'宜蘭縣',NULL),(806,'2614',NULL,'03-9501001','麥味登宜蘭羅結','https://dgz2b3tzb57hl.cloudfront.net/3b33ee70d9ee49f7.jpg','宜蘭縣五結鄉五結路三段639號','24.6823665','121.7784951','09:00:00','21:00:00','星期一',1,'宜蘭縣',NULL),(807,'2613',NULL,'03-9550418','麥味登羅東民權','https://dgz2b3tzb57hl.cloudfront.net/4ddbdd52-4cda-4aa9-b753-ebfb087e9480.jpeg','宜蘭縣羅東鎮民權路232號','24.6771175','121.7638692','09:00:00','21:00:00','星期一',2,'宜蘭縣',NULL),(808,'2612',NULL,'03-9566920','麥味登羅東金饌','https://dgz2b3tzb57hl.cloudfront.net/4ddbdd52-4cda-4aa9-b753-ebfb087e9480.jpeg','宜蘭縣羅東鎮公正路254號','24.6796743','121.7662024','09:00:00','21:00:00','星期一',3,'宜蘭縣',NULL),(809,'2611',NULL,'03-9515689','麥味登羅東東藝','https://dgz2b3tzb57hl.cloudfront.net/69031175a710a925f5f26e1441d97daf.jpg','宜蘭縣羅東鎮維揚路231號','24.6721663','121.756676','09:00:00','21:00:00','星期一',4,'宜蘭縣',NULL),(810,'2610',NULL,'03-9223528','麥味登宜蘭員山','https://dgz2b3tzb57hl.cloudfront.net/00ef1ae98b0a0fa437ccae3322b22059.jpg','宜蘭縣員山鄉員山路一段77號','24.7470951','121.7299064','09:00:00','21:00:00','星期一',5,'宜蘭縣',NULL),(811,'2609',NULL,'03-9388368','麥味登宜蘭壯圍','https://dgz2b3tzb57hl.cloudfront.net/48d62c92f01f0eed2992af44b9759fc9.jpg','宜蘭縣壯圍鄉壯五路149號','24.746147','121.7861468','09:00:00','21:00:00','星期一',6,'宜蘭縣',NULL),(812,'2608',NULL,'03-9359365','麥味登宜蘭茂松','https://dgz2b3tzb57hl.cloudfront.net/9a490b9f731dcd419d4dcc92185827c9.jpg','宜蘭縣宜蘭市民權路二段150號','24.7558781','121.747858','09:00:00','21:00:00','星期一',7,'宜蘭縣',NULL),(813,'2607',NULL,'03-9332321','麥味登宜蘭嵐峰','https://dgz2b3tzb57hl.cloudfront.net/4e14cb2d8dc1620981d020ce630acdd7.jpg','宜蘭縣宜蘭市嵐峰路三段82號','24.7450276','121.7400251','09:00:00','21:00:00','星期一',8,'宜蘭縣',NULL),(814,'2606',NULL,'03-9326997','麥味登宜蘭中山','https://dgz2b3tzb57hl.cloudfront.net/6864e76fd0addf228f1b6a016723b9e3.jpg','宜蘭縣宜蘭市中山路二段26號','24.7446424','121.755991','09:00:00','21:00:00','星期一',9,'宜蘭縣',NULL),(815,'2605',NULL,'03-9333092','麥味登宜蘭中華','https://dgz2b3tzb57hl.cloudfront.net/2df1935ed2e198f2c000d0527e06a7bf.jpg','宜蘭縣宜蘭市中華路73號','24.7476159','121.7535584','09:00:00','21:00:00','星期一',10,'宜蘭縣',NULL),(816,'2591',NULL,'02-28050511','麥味登淡水淡海','https://dgz2b3tzb57hl.cloudfront.net/3b33ee70d9ee49f7.jpg','新北市淡水區淡海路72巷1號','25.1811015','121.4233538','09:00:00','21:00:00','星期一',1,'新北市',NULL),(817,'2590',NULL,'02-26295836','麥味登淡水淡大','https://dgz2b3tzb57hl.cloudfront.net/4ddbdd52-4cda-4aa9-b753-ebfb087e9480.jpeg','新北市淡水區水源街二段56號','25.1739389','121.4508399','09:00:00','21:00:00','星期一',2,'新北市',NULL),(818,'2589',NULL,'02-26235211','麥味登淡水北新','https://dgz2b3tzb57hl.cloudfront.net/4ddbdd52-4cda-4aa9-b753-ebfb087e9480.jpeg','新北市淡水區北新路153號','25.1793258','121.450073','09:00:00','21:00:00','星期一',3,'新北市',NULL),(819,'2588',NULL,'02-26195768','麥味登八里小麥','https://dgz2b3tzb57hl.cloudfront.net/69031175a710a925f5f26e1441d97daf.jpg','新北市八里區中山路二段542號','25.1464983','121.3973798','09:00:00','21:00:00','星期一',4,'新北市',NULL),(820,'2587',NULL,'02-26188007','麥味登八里禾渼','https://dgz2b3tzb57hl.cloudfront.net/00ef1ae98b0a0fa437ccae3322b22059.jpg','新北市八里區頂寮五街7號','25.1263368','121.4518804','09:00:00','21:00:00','星期一',5,'新北市',NULL),(821,'2586',NULL,'02-22935789','麥味登五股自強','https://dgz2b3tzb57hl.cloudfront.net/48d62c92f01f0eed2992af44b9759fc9.jpg','新北市五股區自強路72號','25.0732509','121.4329725','09:00:00','21:00:00','星期一',6,'新北市',NULL),(822,'2585',NULL,'02-29889279','麥味登五股四維','https://dgz2b3tzb57hl.cloudfront.net/9a490b9f731dcd419d4dcc92185827c9.jpg','新北市五股區四維路116-1號','25.0744378','121.4679209','09:00:00','21:00:00','星期一',7,'新北市',NULL),(823,'2584',NULL,'02-22930223','麥味登五股洲子洋','https://dgz2b3tzb57hl.cloudfront.net/4e14cb2d8dc1620981d020ce630acdd7.jpg','新北市五股區成泰路三段165號','25.0919451','121.4451046','09:00:00','21:00:00','星期一',8,'新北市',NULL),(824,'2583',NULL,'02-22951720','麥味登五股中興','https://dgz2b3tzb57hl.cloudfront.net/6864e76fd0addf228f1b6a016723b9e3.jpg','新北市五股區中興路四段48巷1號','25.0831873','121.4382647','09:00:00','21:00:00','星期一',9,'新北市',NULL),(825,'2582',NULL,'02-22916863','麥味登五股福臨','https://dgz2b3tzb57hl.cloudfront.net/2df1935ed2e198f2c000d0527e06a7bf.jpg','新北市五股區五福路93號','25.0904618','121.4322642','09:00:00','21:00:00','星期一',10,'新北市',NULL),(826,'2581',NULL,'02-22859299','麥味登蘆洲鷺江99','https://dgz2b3tzb57hl.cloudfront.net/3b33ee70d9ee49f7.jpg','新北市蘆洲區鷺江街99號','25.0839673','121.4767636','09:00:00','21:00:00','星期一',1,'新北市',NULL),(827,'2567',NULL,'02-26019062','麥味登林口民視','https://dgz2b3tzb57hl.cloudfront.net/4ddbdd52-4cda-4aa9-b753-ebfb087e9480.jpeg','新北市林口區信義路154號','25.0799484','121.3796713','09:00:00','21:00:00','星期一',2,'新北市',NULL),(828,'2566',NULL,'02-26020858','麥味登林口中山','https://dgz2b3tzb57hl.cloudfront.net/4ddbdd52-4cda-4aa9-b753-ebfb087e9480.jpeg','新北市林口區中山路526號-1','25.0836254','121.378655','09:00:00','21:00:00','星期一',3,'新北市',NULL),(829,'2565',NULL,'02-26080267','麥味登林口公園','https://dgz2b3tzb57hl.cloudfront.net/69031175a710a925f5f26e1441d97daf.jpg','新北市林口區公園路69號','25.0691869','121.3677024','09:00:00','21:00:00','星期一',4,'新北市',NULL),(830,'2564',NULL,'02-26006228','麥味登林口感恩','https://dgz2b3tzb57hl.cloudfront.net/00ef1ae98b0a0fa437ccae3322b22059.jpg','新北市林口區文化二路一段20巷23號','25.0675626','121.3655515','09:00:00','21:00:00','星期一',5,'新北市',NULL),(831,'2563',NULL,'02-26015862','麥味登林口名巧園','https://dgz2b3tzb57hl.cloudfront.net/48d62c92f01f0eed2992af44b9759fc9.jpg','新北市林口區仁愛路二段121號','25.0748483','121.3837049','09:00:00','21:00:00','星期一',6,'新北市',NULL),(832,'2562',NULL,'02-26099585','麥味登林口貳貳五','https://dgz2b3tzb57hl.cloudfront.net/9a490b9f731dcd419d4dcc92185827c9.jpg','新北市林口區文化三路一段225巷13號','25.0712661','121.3620082','09:00:00','21:00:00','星期一',7,'新北市',NULL),(833,'2561',NULL,'02-29000565','麥味登泰山泰林','https://dgz2b3tzb57hl.cloudfront.net/4e14cb2d8dc1620981d020ce630acdd7.jpg','新北市泰山區泰林路二段513號','25.063799','121.4242518','09:00:00','21:00:00','星期一',8,'新北市',NULL),(834,'2560',NULL,'02-29009091','麥味登泰山信華','https://dgz2b3tzb57hl.cloudfront.net/6864e76fd0addf228f1b6a016723b9e3.jpg','新北市泰山區信華三街171號','25.0460557','121.4403474','09:00:00','21:00:00','星期一',9,'新北市',NULL),(835,'2559',NULL,'02-22962828','麥味登泰山仁義','https://dgz2b3tzb57hl.cloudfront.net/2df1935ed2e198f2c000d0527e06a7bf.jpg','新北市泰山區仁義路143號','25.0547008','121.432658','09:00:00','21:00:00','星期一',10,'新北市',NULL),(836,'2558',NULL,'02-29000283','麥味登泰山全興','https://dgz2b3tzb57hl.cloudfront.net/3b33ee70d9ee49f7.jpg','新北市泰山區福興二街30號','25.057896','121.4332053','09:00:00','21:00:00','星期一',1,'新北市',NULL),(837,'2557',NULL,'02-29980115','麥味登新莊自立','https://dgz2b3tzb57hl.cloudfront.net/4ddbdd52-4cda-4aa9-b753-ebfb087e9480.jpeg','新北市新莊區自立街115號','25.0455706','121.455663','09:00:00','21:00:00','星期一',2,'新北市',NULL),(838,'2543',NULL,'02-29017665','麥味登新莊龍安','https://dgz2b3tzb57hl.cloudfront.net/4ddbdd52-4cda-4aa9-b753-ebfb087e9480.jpeg','新北市新莊區中正路新建巷55號','25.0214456','121.4147271','09:00:00','21:00:00','星期一',3,'新北市',NULL),(839,'2542',NULL,'02-85212006','麥味登新莊中原','https://dgz2b3tzb57hl.cloudfront.net/69031175a710a925f5f26e1441d97daf.jpg','新北市新莊區中原路138號','25.0546244','121.4552645','09:00:00','21:00:00','星期一',4,'新北市',NULL),(840,'2541',NULL,'02-89927177','麥味登新莊中信','https://dgz2b3tzb57hl.cloudfront.net/00ef1ae98b0a0fa437ccae3322b22059.jpg','新北市新莊區中信街2號','25.0509198','121.4516349','09:00:00','21:00:00','星期一',5,'新北市',NULL),(841,'2540',NULL,'02-22771508','麥味登新莊中平','https://dgz2b3tzb57hl.cloudfront.net/48d62c92f01f0eed2992af44b9759fc9.jpg','新北市新莊區中平路121號','25.046748','121.444635','09:00:00','21:00:00','星期一',6,'新北市',NULL),(842,'2539',NULL,'02-29900759','麥味登新莊中華','https://dgz2b3tzb57hl.cloudfront.net/9a490b9f731dcd419d4dcc92185827c9.jpg','新北市新莊區中華路二段172號','25.051736','121.4533016','09:00:00','21:00:00','星期一',7,'新北市',NULL),(843,'2538',NULL,'02-22044018','麥味登新莊建安','https://dgz2b3tzb57hl.cloudfront.net/4e14cb2d8dc1620981d020ce630acdd7.jpg','新北市新莊區建安街46號','25.024919','121.427547','09:00:00','21:00:00','星期一',8,'新北市',NULL),(844,'2537',NULL,'02-22761918','麥味登新莊福興','https://dgz2b3tzb57hl.cloudfront.net/6864e76fd0addf228f1b6a016723b9e3.jpg','新北市新莊區公園路238號','25.0407004','121.4575239','09:00:00','21:00:00','星期一',9,'新北市',NULL),(845,'2536',NULL,'02-29905398','麥味登新莊昌明','https://dgz2b3tzb57hl.cloudfront.net/2df1935ed2e198f2c000d0527e06a7bf.jpg','新北市新莊區昌明街22號','25.0524164','121.4569958','09:00:00','21:00:00','星期一',10,'新北市',NULL),(846,'2535',NULL,'02-28579101','麥味登三重三賢101','https://dgz2b3tzb57hl.cloudfront.net/3b33ee70d9ee49f7.jpg','新北市三重區三賢街101號','25.0887771','121.4880248','09:00:00','21:00:00','星期一',1,'新北市',NULL),(847,'2534',NULL,'02-29850176','麥味登三重善解','https://dgz2b3tzb57hl.cloudfront.net/4ddbdd52-4cda-4aa9-b753-ebfb087e9480.jpeg','新北市三重區力行路一段176號','25.0714218','121.4819935','09:00:00','21:00:00','星期一',2,'新北市',NULL),(848,'2533',NULL,'02-22800682','麥味登三重三和','https://dgz2b3tzb57hl.cloudfront.net/4ddbdd52-4cda-4aa9-b753-ebfb087e9480.jpeg','新北市三重區三和路四段145巷153號','25.0790783','121.4876549','09:00:00','21:00:00','星期一',3,'新北市',NULL),(849,'2519',NULL,'02-22860136','麥味登三重車路頭','https://dgz2b3tzb57hl.cloudfront.net/69031175a710a925f5f26e1441d97daf.jpg','新北市三重區車路頭街87號','25.0741467','121.4845887','09:00:00','21:00:00','星期一',4,'新北市',NULL),(850,'2518',NULL,'02-22862203','麥味登仁愛旗艦','https://dgz2b3tzb57hl.cloudfront.net/00ef1ae98b0a0fa437ccae3322b22059.jpg','新北市三重區仁愛街660號','25.0803486','121.4822822','09:00:00','21:00:00','星期一',5,'新北市',NULL),(851,'2517',NULL,'02-86776850','麥味登鶯歌天囍','https://dgz2b3tzb57hl.cloudfront.net/48d62c92f01f0eed2992af44b9759fc9.jpg','新北市鶯歌區尖山路136號','24.9488741','121.3469382','09:00:00','21:00:00','星期一',6,'新北市',NULL),(852,'2516',NULL,'02-26862525','麥味登樹林日新','https://dgz2b3tzb57hl.cloudfront.net/9a490b9f731dcd419d4dcc92185827c9.jpg','新北市樹林區日新街185號','24.9875511','121.4200263','09:00:00','21:00:00','星期一',7,'新北市',NULL),(853,'2515',NULL,'02-86868651','麥味登樹林中華','https://dgz2b3tzb57hl.cloudfront.net/4e14cb2d8dc1620981d020ce630acdd7.jpg','新北市樹林區中華路39號','24.9834202','121.423834','09:00:00','21:00:00','星期一',8,'新北市',NULL),(854,'2514',NULL,'02-86868732','麥味登樹林會贏','https://dgz2b3tzb57hl.cloudfront.net/6864e76fd0addf228f1b6a016723b9e3.jpg','新北市樹林區國凱街102號','24.9797144','121.4222944','09:00:00','21:00:00','星期一',9,'新北市',NULL),(855,'2513',NULL,'02-26888936','麥味登樹林光榮','https://dgz2b3tzb57hl.cloudfront.net/2df1935ed2e198f2c000d0527e06a7bf.jpg','新北市樹林區光榮街53號1樓','25.0034764','121.4121584','09:00:00','21:00:00','星期一',10,'新北市',NULL),(856,'2512',NULL,'02-86853291','麥味登樹林國凱','https://dgz2b3tzb57hl.cloudfront.net/3b33ee70d9ee49f7.jpg','新北市樹林區國凱街19號之1','24.9784881','121.4193157','09:00:00','21:00:00','星期一',1,'新北市',NULL),(857,'2511',NULL,'02-26851566','麥味登樹林復興','https://dgz2b3tzb57hl.cloudfront.net/4ddbdd52-4cda-4aa9-b753-ebfb087e9480.jpeg','新北市樹林區復興路37號','24.9936368','121.4220754','09:00:00','21:00:00','星期一',2,'新北市',NULL),(858,'2510',NULL,'02-86860063','麥味登樹林東榮','https://dgz2b3tzb57hl.cloudfront.net/4ddbdd52-4cda-4aa9-b753-ebfb087e9480.jpeg','新北市樹林區東榮街121號','24.9820393','121.415217','09:00:00','21:00:00','星期一',3,'新北市',NULL),(859,'2509',NULL,'02-26684881','麥味登北大學林','https://dgz2b3tzb57hl.cloudfront.net/69031175a710a925f5f26e1441d97daf.jpg','新北市樹林區學林路85號','24.9493365','121.378873','09:00:00','21:00:00','星期一',4,'新北市',NULL),(860,'3178',NULL,'04-24627799','燒肉Smile台中中科店','https://dgz2b3tzb57hl.cloudfront.net/00ef1ae98b0a0fa437ccae3322b22059.jpg','臺中市西屯區台中市西屯區國安一路6號2樓','24.1905326','120.6153466','09:00:00','21:00:00','星期一',5,'台中市',NULL),(861,'3177',NULL,'06-2087999#','木牛柴燒牛排','https://dgz2b3tzb57hl.cloudfront.net/48d62c92f01f0eed2992af44b9759fc9.jpg','臺南市東區前鋒路210號6F','22.99737433','120.2128333','09:00:00','21:00:00','星期一',6,'台南市',NULL),(862,'3176',NULL,'07-3617131#87876','日月光半導體製造股份有限公司三廠員工餐廳','https://dgz2b3tzb57hl.cloudfront.net/9a490b9f731dcd419d4dcc92185827c9.jpg','高雄市楠梓區開發路47號','22.720757','120.302801','09:00:00','21:00:00','星期一',7,'高雄市',NULL),(863,'3175',NULL,'07-3617131#87876','日月光半導體製造股份有限公司K1廠','https://dgz2b3tzb57hl.cloudfront.net/4e14cb2d8dc1620981d020ce630acdd7.jpg','高雄市楠梓區經三路26號','22.7209872','120.3065871','09:00:00','21:00:00','星期一',8,'高雄市',NULL),(864,'3174',NULL,'03-5331021#','21 風味館-新竹巨城店','https://dgz2b3tzb57hl.cloudfront.net/6864e76fd0addf228f1b6a016723b9e3.jpg','新竹市東區中央路229號4樓','24.8094861','120.974721','09:00:00','21:00:00','星期一',9,'新竹市',NULL),(865,'3173',NULL,'03-5331488#','燒丼株式會社-新竹巨城店','https://dgz2b3tzb57hl.cloudfront.net/2df1935ed2e198f2c000d0527e06a7bf.jpg','新竹市東區中央路229號4樓','24.8094861','120.974721','09:00:00','21:00:00','星期一',10,'新竹市',NULL),(866,'3172',NULL,'08-00000063#','丸亀製麵-新竹巨城店','https://dgz2b3tzb57hl.cloudfront.net/3b33ee70d9ee49f7.jpg','新竹市東區中央路229號4F','24.8094861','120.974721','09:00:00','21:00:00','星期一',1,'新竹市',NULL),(867,'3171',NULL,'03-6238000#','燒肉LIKE-新竹巨城店','https://dgz2b3tzb57hl.cloudfront.net/4ddbdd52-4cda-4aa9-b753-ebfb087e9480.jpeg','新竹市東區中央路229號4樓','24.8094861','120.974721','09:00:00','21:00:00','星期一',2,'新竹市',NULL),(868,'3170',NULL,'03-5325899#','翰林茶館-新竹巨城店','https://dgz2b3tzb57hl.cloudfront.net/4ddbdd52-4cda-4aa9-b753-ebfb087e9480.jpeg','新竹市新竹市東區中央路229號4樓','24.8094861','120.974721','09:00:00','21:00:00','星期一',3,'新竹市',NULL),(869,'3169',NULL,'03-5153336#','CoCo壹番屋-新竹巨城店','https://dgz2b3tzb57hl.cloudfront.net/69031175a710a925f5f26e1441d97daf.jpg','新竹市東區中央路229號5樓','24.8094337','120.9749908','09:00:00','21:00:00','星期一',4,'新竹市',NULL),(870,'3168',NULL,'03-5328086#','唐點小聚-新竹巨城店','https://dgz2b3tzb57hl.cloudfront.net/00ef1ae98b0a0fa437ccae3322b22059.jpg','新竹市東區中央路229號7樓','24.80942574','120.9749907','09:00:00','21:00:00','星期一',5,'新竹市',NULL),(871,'3167',NULL,'03-5310213#','新馬辣經典麻辣鍋-新竹巨城店','https://dgz2b3tzb57hl.cloudfront.net/48d62c92f01f0eed2992af44b9759fc9.jpg','新竹市東區中央路229號7F-B','24.8094861','120.974721','09:00:00','21:00:00','星期一',6,'新竹市',NULL),(872,'3166',NULL,'06-2978779#','魚喫飯','https://dgz2b3tzb57hl.cloudfront.net/9a490b9f731dcd419d4dcc92185827c9.jpg','臺南市東區前鋒路210號B2F','22.9962756','120.21431822','09:00:00','21:00:00','星期一',7,'台南市',NULL),(873,'3165',NULL,'0921257118','博多拉麵館','https://dgz2b3tzb57hl.cloudfront.net/4e14cb2d8dc1620981d020ce630acdd7.jpg','臺南市東區前鋒路210號B2F','22.9962756','120.21431822','09:00:00','21:00:00','星期一',8,'台南市',NULL),(874,'3164',NULL,'0966715177','鐵板皇朝','https://dgz2b3tzb57hl.cloudfront.net/6864e76fd0addf228f1b6a016723b9e3.jpg','臺南市東區前鋒路210號B2F','22.9962756','120.21431822','09:00:00','21:00:00','星期一',9,'台南市',NULL),(875,'3162',NULL,'0918349197','彬太郎咖哩蛋包飯','https://dgz2b3tzb57hl.cloudfront.net/2df1935ed2e198f2c000d0527e06a7bf.jpg','臺南市東區前鋒路210號B2F','22.9962756','120.21431822','09:00:00','21:00:00','星期一',10,'台南市',NULL),(876,'3161',NULL,'0985443856','小星星國際餐飲','https://dgz2b3tzb57hl.cloudfront.net/3b33ee70d9ee49f7.jpg','臺南市東區前鋒路210號B2F','22.9962756','120.21431822','09:00:00','21:00:00','星期一',1,'台南市',NULL),(877,'3160',NULL,'02-23930255#','幸福時光廚房','https://dgz2b3tzb57hl.cloudfront.net/4ddbdd52-4cda-4aa9-b753-ebfb087e9480.jpeg','臺北市中正區台北市中正區濟南路一段321號','25.04189338','121.52551028','09:00:00','21:00:00','星期一',2,'台北市',NULL),(878,'3159',NULL,'03-8316005#','Queen’食','https://dgz2b3tzb57hl.cloudfront.net/4ddbdd52-4cda-4aa9-b753-ebfb087e9480.jpeg','花蓮縣花蓮市國民八街111號','23.99384998','121.60740422','09:00:00','21:00:00','星期一',3,'花蓮縣',NULL),(879,'3158',NULL,'0909174697','韓文閣','https://dgz2b3tzb57hl.cloudfront.net/69031175a710a925f5f26e1441d97daf.jpg','臺南市東區前鋒路210號B2F','22.9962756','120.21431822','09:00:00','21:00:00','星期一',4,'台南市',NULL),(880,'3157',NULL,'0935818081','劉家冠軍牛肉麵(統鶴拉麵店)','https://dgz2b3tzb57hl.cloudfront.net/00ef1ae98b0a0fa437ccae3322b22059.jpg','臺南市東區前鋒路210號B2F','22.9962756','120.21431822','09:00:00','21:00:00','星期一',5,'台南市',NULL),(881,'3155',NULL,'089-340605#','伊塔原旅臺東縣原住民文化會館','https://dgz2b3tzb57hl.cloudfront.net/48d62c92f01f0eed2992af44b9759fc9.jpg','臺東縣台東市中山路10號','22.76240665','121.15746307','09:00:00','21:00:00','星期一',6,'臺東縣',NULL),(882,'3154',NULL,'089-772056#','力卡珈琲','https://dgz2b3tzb57hl.cloudfront.net/9a490b9f731dcd419d4dcc92185827c9.jpg','臺東縣太麻里鄉金崙村金崙210號','22.53100698','120.96665724','09:00:00','21:00:00','星期一',7,'臺東縣',NULL),(883,'3153',NULL,'089-340581#','野室珈琲','https://dgz2b3tzb57hl.cloudfront.net/4e14cb2d8dc1620981d020ce630acdd7.jpg','臺東縣台東市浙江路350號','22.76426999','121.1498803','09:00:00','21:00:00','星期一',8,'臺東縣',NULL),(884,'3152',NULL,'02-24288308#0','呷奔快餐專賣店','https://dgz2b3tzb57hl.cloudfront.net/6864e76fd0addf228f1b6a016723b9e3.jpg','基隆市仁愛區愛一路60號','25.1298209','121.74143','09:00:00','21:00:00','星期一',9,'基隆市',NULL),(885,'3151',NULL,'089-362032#','海風咖啡','https://dgz2b3tzb57hl.cloudfront.net/2df1935ed2e198f2c000d0527e06a7bf.jpg','臺東縣台東市大同路80號','22.7515959','121.1553497','09:00:00','21:00:00','星期一',10,'臺東縣',NULL),(886,'3150',NULL,'06-3912188#','熱蘭遮餐酒館','https://dgz2b3tzb57hl.cloudfront.net/3b33ee70d9ee49f7.jpg','臺南市安平區王城里安平路988號','22.9986947','120.1550512','09:00:00','21:00:00','星期一',1,'台南市',NULL),(887,'3149',NULL,'06-3912188#','湖光中餐廳','https://dgz2b3tzb57hl.cloudfront.net/4ddbdd52-4cda-4aa9-b753-ebfb087e9480.jpeg','臺南市安平區王城里安平路988號','22.9986947','120.1550512','09:00:00','21:00:00','星期一',2,'台南市',NULL),(888,'3148',NULL,'06-3912188#','威尼斯西餐廳','https://dgz2b3tzb57hl.cloudfront.net/4ddbdd52-4cda-4aa9-b753-ebfb087e9480.jpeg','臺南市安平區王城里安平路988號','22.9986947','120.1550512','09:00:00','21:00:00','星期一',3,'台南市',NULL),(889,'3147',NULL,'06-7800658#','龍門客棧休閒海鮮餐廳','https://dgz2b3tzb57hl.cloudfront.net/69031175a710a925f5f26e1441d97daf.jpg','臺南市七股區中寮村8- 41號','23.14831044','120.1082643','09:00:00','21:00:00','星期一',4,'台南市',NULL),(890,'3146',NULL,'03-6676588#','川井鐵板燒','https://dgz2b3tzb57hl.cloudfront.net/00ef1ae98b0a0fa437ccae3322b22059.jpg','新竹縣竹北市興隆路三段115號','24.8071461','121.024569','09:00:00','21:00:00','星期一',5,'新竹縣',NULL),(891,'3145',NULL,'03-3732812','藏壽司 八德興豐路店','https://dgz2b3tzb57hl.cloudfront.net/48d62c92f01f0eed2992af44b9759fc9.jpg','桃園市八德區興中里16鄰興豐路150號','24.9288942','121.2814645','09:00:00','21:00:00','星期一',6,'桃園市',NULL),(892,'3144',NULL,'04-8350029','藏壽司 彰化員林大道店','https://dgz2b3tzb57hl.cloudfront.net/9a490b9f731dcd419d4dcc92185827c9.jpg','彰化縣員林市員林大道四段473號','23.972389','120.5723371','09:00:00','21:00:00','星期一',7,'彰化縣',NULL),(893,'3143',NULL,'04-22155173','藏壽司 台中三井LaLaport店','https://dgz2b3tzb57hl.cloudfront.net/4e14cb2d8dc1620981d020ce630acdd7.jpg','臺中市東區進德路600號5樓','24.1357637','120.6925532','09:00:00','21:00:00','星期一',8,'台中市',NULL),(894,'3142',NULL,'07-3311172','藏壽司 高雄時代大道店','https://dgz2b3tzb57hl.cloudfront.net/6864e76fd0addf228f1b6a016723b9e3.jpg','高雄市前鎮區中山三路11號','22.5977457','120.3139045','09:00:00','21:00:00','星期一',9,'高雄市',NULL),(895,'3141',NULL,'02-28335669#','Sarabeth\'s 天母店','https://dgz2b3tzb57hl.cloudfront.net/2df1935ed2e198f2c000d0527e06a7bf.jpg','臺北市士林區中山北路六段77號2樓','25.10533512','121.52458357','09:00:00','21:00:00','星期一',10,'台北市',NULL),(896,'3140',NULL,'08-7217116#','香港紅館餐廳','https://dgz2b3tzb57hl.cloudfront.net/3b33ee70d9ee49f7.jpg','屏東縣長治鄉瑞光路一段812號','22.67133138','120.5109447','09:00:00','21:00:00','星期一',1,'屏東縣',NULL),(897,'3139',NULL,'08-7803338#','潮州聞香閣宴會餐廳','https://dgz2b3tzb57hl.cloudfront.net/4ddbdd52-4cda-4aa9-b753-ebfb087e9480.jpeg','屏東縣潮州鎮四維路550號','22.5594774','120.5516489','09:00:00','21:00:00','星期一',2,'屏東縣',NULL),(898,'3138',NULL,'04-23117707#','六樓A座餐事','https://dgz2b3tzb57hl.cloudfront.net/4ddbdd52-4cda-4aa9-b753-ebfb087e9480.jpeg','臺中市西屯區何厝街122號','24.16336509','120.6563041','09:00:00','21:00:00','星期一',3,'台中市',NULL),(899,'3137',NULL,'04-23374799#','賈茶複合式餐飲','https://dgz2b3tzb57hl.cloudfront.net/69031175a710a925f5f26e1441d97daf.jpg','臺中市烏日區中山路一段212號','24.10922085','120.64198737','09:00:00','21:00:00','星期一',4,'台中市',NULL),(900,'3134',NULL,'02-23812806','爭鮮迴轉壽司','https://dgz2b3tzb57hl.cloudfront.net/00ef1ae98b0a0fa437ccae3322b22059.jpg','臺北市萬華區台北市萬華區桂林路1號1樓','25.03787064','121.50585277','09:00:00','21:00:00','星期一',5,'台北市',NULL),(901,'3133',NULL,'08-7798899#','紅采盛宴','https://dgz2b3tzb57hl.cloudfront.net/48d62c92f01f0eed2992af44b9759fc9.jpg','屏東縣內埔鄉學人路408號','22.60303417','120.5617578','09:00:00','21:00:00','星期一',6,'屏東縣',NULL),(902,'3132',NULL,'07-2367001#','17西班牙料理','https://dgz2b3tzb57hl.cloudfront.net/9a490b9f731dcd419d4dcc92185827c9.jpg','高雄市新興區中正三路80巷36號','22.63231188','120.30778987','09:00:00','21:00:00','星期一',7,'高雄市',NULL),(903,'3129',NULL,'03-5338967#','咖啡夫人','https://dgz2b3tzb57hl.cloudfront.net/4e14cb2d8dc1620981d020ce630acdd7.jpg','新竹市北區湳雅里鐵道路二段２２１號１樓','24.82215445','120.9711239','09:00:00','21:00:00','星期一',8,'新竹市',NULL),(904,'3128',NULL,'03-4884905#','麥売 珈琲・洋食・菓子','https://dgz2b3tzb57hl.cloudfront.net/6864e76fd0addf228f1b6a016723b9e3.jpg','桃園市楊梅區新成路23號','24.91259285','121.14698747','09:00:00','21:00:00','星期一',9,'桃園市',NULL),(905,'3127',NULL,'08-7830061#','璞玉翡珂','https://dgz2b3tzb57hl.cloudfront.net/2df1935ed2e198f2c000d0527e06a7bf.jpg','屏東縣泰武鄉屏東縣泰武鄉泰武村良武巷45號','22.59164878','120.66939525','09:00:00','21:00:00','星期一',10,'屏東縣',NULL),(906,'3126',NULL,'02-23146868','海底撈','https://dgz2b3tzb57hl.cloudfront.net/3b33ee70d9ee49f7.jpg','臺北市萬華區台北市萬華區桂林路1號4樓','25.03792027','121.5058378','09:00:00','21:00:00','星期一',1,'台北市',NULL),(907,'3125',NULL,'07-3617131#17876','日月光半導體製造股份有限公司二十三廠','https://dgz2b3tzb57hl.cloudfront.net/4ddbdd52-4cda-4aa9-b753-ebfb087e9480.jpeg','高雄市楠梓區研發路66號','22.7131768','120.300415','09:00:00','21:00:00','星期一',2,'高雄市',NULL),(908,'3124',NULL,'02-23816949','mister donut','https://dgz2b3tzb57hl.cloudfront.net/4ddbdd52-4cda-4aa9-b753-ebfb087e9480.jpeg','臺北市萬華區台北市萬華區桂林路1號','25.0378901','121.5058635','09:00:00','21:00:00','星期一',3,'台北市',NULL),(909,'3123',NULL,'0836-77365#','長堤咖啡屋','https://dgz2b3tzb57hl.cloudfront.net/69031175a710a925f5f26e1441d97daf.jpg','連江縣東引鄉中柳村90號','26.3747168','120.4804048','09:00:00','21:00:00','星期一',4,'連江縣',NULL),(910,'3122',NULL,'0975721577','MUC COFFEE','https://dgz2b3tzb57hl.cloudfront.net/00ef1ae98b0a0fa437ccae3322b22059.jpg','臺南市安平區安北路98號','23.0019121','120.1654921','09:00:00','21:00:00','星期一',5,'台南市',NULL),(911,'3121',NULL,'0975721577','漫悠客咖啡餐飲有限公司安平門市','https://dgz2b3tzb57hl.cloudfront.net/48d62c92f01f0eed2992af44b9759fc9.jpg','臺南市安平區健康三街81號旁邊貨櫃屋','22.9872395','120.1681697','09:00:00','21:00:00','星期一',6,'台南市',NULL),(912,'3120',NULL,'03- 5991111#3902','台灣山葉機車員工餐廳','https://dgz2b3tzb57hl.cloudfront.net/9a490b9f731dcd419d4dcc92185827c9.jpg','新竹縣湖口鄉東興村山葉路81號','24.8814458','121.0449768','09:00:00','21:00:00','星期一',7,'新竹縣',NULL),(913,'3119',NULL,'06-2222188#','百鴦花園餐廳','https://dgz2b3tzb57hl.cloudfront.net/4e14cb2d8dc1620981d020ce630acdd7.jpg','臺南市北區成功路28號','22.9980195','120.2085354','09:00:00','21:00:00','星期一',8,'台南市',NULL),(914,'3118',NULL,'06-2222188#','禧榕軒宴會廳','https://dgz2b3tzb57hl.cloudfront.net/6864e76fd0addf228f1b6a016723b9e3.jpg','臺南市北區成功路28號','22.9980195','120.2085354','09:00:00','21:00:00','星期一',9,'台南市',NULL),(915,'3117',NULL,'06-2222188#','榕廷百匯餐廳','https://dgz2b3tzb57hl.cloudfront.net/2df1935ed2e198f2c000d0527e06a7bf.jpg','臺南市北區成功路28號','22.9980195','120.2085354','09:00:00','21:00:00','星期一',10,'台南市',NULL),(916,'3350',NULL,'0983646654','牛武士牛排','https://dgz2b3tzb57hl.cloudfront.net/3b33ee70d9ee49f7.jpg','高雄市鼓山區華榮路382號1樓','0','0','09:00:00','21:00:00','星期一',1,'高雄市',NULL),(917,'3349',NULL,'06-2145281#','師房茶 手作冷淬','https://dgz2b3tzb57hl.cloudfront.net/4ddbdd52-4cda-4aa9-b753-ebfb087e9480.jpeg','臺南市中西區府前路一段１８７號','0','0','09:00:00','21:00:00','星期一',2,'台南市',NULL),(918,'3346',NULL,'08-7333787#','韓姜熙의小廚房屏東環球店','https://dgz2b3tzb57hl.cloudfront.net/4ddbdd52-4cda-4aa9-b753-ebfb087e9480.jpeg','屏東縣屏東市仁愛路90號環球購物中心樓511櫃位','0','0','09:00:00','21:00:00','星期一',3,'屏東縣',NULL),(919,'3342',NULL,'08-7669777#','大和咖啡館','https://dgz2b3tzb57hl.cloudfront.net/69031175a710a925f5f26e1441d97daf.jpg','屏東縣屏東市大同里民族路１６３號１樓','0','0','09:00:00','21:00:00','星期一',4,'屏東縣',NULL),(920,'3339',NULL,'08-9090632#','屏丼之魂餐館','https://dgz2b3tzb57hl.cloudfront.net/00ef1ae98b0a0fa437ccae3322b22059.jpg','屏東縣屏東市大埔里民族路２０５－２號','0','0','09:00:00','21:00:00','星期一',5,'屏東縣',NULL),(921,'3338',NULL,'08-7320598#','樂遊早餐店','https://dgz2b3tzb57hl.cloudfront.net/48d62c92f01f0eed2992af44b9759fc9.jpg','屏東縣屏東市大埔里民族路２１７號１樓','0','0','09:00:00','21:00:00','星期一',6,'屏東縣',NULL),(922,'3337',NULL,'08-7655033#','咕嘰咕嘰早午餐民族店','https://dgz2b3tzb57hl.cloudfront.net/9a490b9f731dcd419d4dcc92185827c9.jpg','屏東縣屏東市民族路231號','0','0','09:00:00','21:00:00','星期一',7,'屏東縣',NULL),(923,'3336',NULL,'08-7660080#','蕾絲米可餐飲舖','https://dgz2b3tzb57hl.cloudfront.net/4e14cb2d8dc1620981d020ce630acdd7.jpg','屏東縣屏東市光榮里民族路１２４號','0','0','09:00:00','21:00:00','星期一',8,'屏東縣',NULL),(924,'3335',NULL,'08-7335414#','晨食老爹','https://dgz2b3tzb57hl.cloudfront.net/6864e76fd0addf228f1b6a016723b9e3.jpg','屏東縣屏東市光榮里重慶路24號','0','0','09:00:00','21:00:00','星期一',9,'屏東縣',NULL),(925,'3334',NULL,'08-7339521#','摩斯漢堡屏東民族店','https://dgz2b3tzb57hl.cloudfront.net/2df1935ed2e198f2c000d0527e06a7bf.jpg','屏東縣屏東市民族路82、84號','0','0','09:00:00','21:00:00','星期一',10,'屏東縣',NULL),(926,'3332',NULL,'06-9269173#','找食間','https://dgz2b3tzb57hl.cloudfront.net/3b33ee70d9ee49f7.jpg','澎湖縣馬公市光明里信義路７３號１Ｆ','23.5733187','119.5686741','09:00:00','21:00:00','星期一',1,'澎湖縣',NULL),(927,'3331',NULL,'049-2676476#','山中悠遊','https://dgz2b3tzb57hl.cloudfront.net/4ddbdd52-4cda-4aa9-b753-ebfb087e9480.jpeg','南投縣鹿谷鄉竹林村新庄巷16號','23.7270341','120.7557466','09:00:00','21:00:00','星期一',2,'南投縣',NULL),(928,'3330',NULL,'0916041628','松本鮮奶茶永康鹽行新民店','https://dgz2b3tzb57hl.cloudfront.net/4ddbdd52-4cda-4aa9-b753-ebfb087e9480.jpeg','臺南市永康區塩行里新民街１２０號１樓','23.0407418','120.2412702','09:00:00','21:00:00','星期一',3,'台南市',NULL),(929,'3329',NULL,'06-2539208#','劉妹鍋燒意麵（鹽行店）','https://dgz2b3tzb57hl.cloudfront.net/69031175a710a925f5f26e1441d97daf.jpg','臺南市永康區塩行里中正七街３９號１樓','23.0402841','120.2402359','09:00:00','21:00:00','星期一',4,'台南市',NULL),(930,'3328',NULL,'0920866558','33手作料理','https://dgz2b3tzb57hl.cloudfront.net/00ef1ae98b0a0fa437ccae3322b22059.jpg','臺南市永康區網寮里文化路２６０號','23.014959','120.2538307','09:00:00','21:00:00','星期一',5,'台南市',NULL),(931,'3327',NULL,'0987055235','絆屋食作','https://dgz2b3tzb57hl.cloudfront.net/48d62c92f01f0eed2992af44b9759fc9.jpg','臺南市永康區大灣里０１３鄰民族路３４５巷７號１樓','23.0064236','120.2683207','09:00:00','21:00:00','星期一',6,'台南市',NULL),(932,'3326',NULL,'0977208875','古曼、茶','https://dgz2b3tzb57hl.cloudfront.net/9a490b9f731dcd419d4dcc92185827c9.jpg','臺南市永康區崑山里大仁街１９７―１號１樓','23.0051324','120.257773','09:00:00','21:00:00','星期一',7,'台南市',NULL),(933,'3325',NULL,'0963192611','餃頭灶房','https://dgz2b3tzb57hl.cloudfront.net/4e14cb2d8dc1620981d020ce630acdd7.jpg','臺南市永康區崑山里大仁街２２５之４號','23.0059337','120.2581007','09:00:00','21:00:00','星期一',8,'台南市',NULL),(934,'3324',NULL,'06-2058755#','九洲王樣料理居食屋','https://dgz2b3tzb57hl.cloudfront.net/6864e76fd0addf228f1b6a016723b9e3.jpg','臺南市永康區復華里０３４鄰復國一路４９３號１樓','23.0153473','120.2444853','09:00:00','21:00:00','星期一',9,'台南市',NULL),(935,'3323',NULL,'06-2717889#','喜得炭火燒三明治-永康大仁店','https://dgz2b3tzb57hl.cloudfront.net/2df1935ed2e198f2c000d0527e06a7bf.jpg','臺南市永康區崑山里大仁街１９１號','23.0050046','120.2577122','09:00:00','21:00:00','星期一',10,'台南市',NULL),(936,'3218',NULL,'03-6105878#','阿達五星麵鋪-新竹巨城店','https://dgz2b3tzb57hl.cloudfront.net/3b33ee70d9ee49f7.jpg','新竹市東區中央路229號4樓','24.8094861','120.974721','09:00:00','21:00:00','星期一',1,'新竹市',NULL),(937,'3217',NULL,'03-6238415#','原宿廚房-新竹巨城店','https://dgz2b3tzb57hl.cloudfront.net/4ddbdd52-4cda-4aa9-b753-ebfb087e9480.jpeg','新竹市東區中央路229號4樓','24.8094861','120.974721','09:00:00','21:00:00','星期一',2,'新竹市',NULL),(938,'3216',NULL,'03-6238416#','八王子東京拉麵‧蓋飯-新竹巨城店','https://dgz2b3tzb57hl.cloudfront.net/4ddbdd52-4cda-4aa9-b753-ebfb087e9480.jpeg','新竹市新竹市東區中央路229號4樓','24.8094861','120.974721','09:00:00','21:00:00','星期一',3,'新竹市',NULL),(939,'3215',NULL,'03-6238413#','洋食屋-新竹巨城店','https://dgz2b3tzb57hl.cloudfront.net/69031175a710a925f5f26e1441d97daf.jpg','新竹市東區中央路229號4樓','24.8094861','120.974721','09:00:00','21:00:00','星期一',4,'新竹市',NULL),(940,'3214',NULL,'03-6105558#','韓姜熙的小廚房-新竹巨城店','https://dgz2b3tzb57hl.cloudfront.net/00ef1ae98b0a0fa437ccae3322b22059.jpg','新竹市東區中央路229號4樓','24.8094861','120.974721','09:00:00','21:00:00','星期一',5,'新竹市',NULL),(941,'3213',NULL,'03-6238404#','韓鶴亭-新竹巨城店','https://dgz2b3tzb57hl.cloudfront.net/48d62c92f01f0eed2992af44b9759fc9.jpg','新竹市東區中央路229號4樓','24.8094861','120.974721','09:00:00','21:00:00','星期一',6,'新竹市',NULL),(942,'3212',NULL,'03-6238000#','濠誠石板料理專賣店-新竹巨城店','https://dgz2b3tzb57hl.cloudfront.net/9a490b9f731dcd419d4dcc92185827c9.jpg','新竹市東區中央路229號4樓','24.8094861','120.974721','09:00:00','21:00:00','星期一',7,'新竹市',NULL),(943,'3211',NULL,'03-6238402#','翔羚溫州大餛飩-新竹巨城店','https://dgz2b3tzb57hl.cloudfront.net/4e14cb2d8dc1620981d020ce630acdd7.jpg','新竹市東區中央路229號4樓','24.8094861','120.974721','09:00:00','21:00:00','星期一',8,'新竹市',NULL),(944,'3210',NULL,'0928211444','藍眼淚咖啡館','https://dgz2b3tzb57hl.cloudfront.net/6864e76fd0addf228f1b6a016723b9e3.jpg','連江縣南竿鄉四維村24號2樓','26.1704534','119.9205653','09:00:00','21:00:00','星期一',9,'連江縣',NULL),(945,'3209',NULL,'0836-23093#','林義和工坊','https://dgz2b3tzb57hl.cloudfront.net/2df1935ed2e198f2c000d0527e06a7bf.jpg','連江縣南竿鄉四維村72號','26.1696533','119.91807224','09:00:00','21:00:00','星期一',10,'連江縣',NULL),(946,'3208',NULL,'0836-25889#','比薩大王','https://dgz2b3tzb57hl.cloudfront.net/3b33ee70d9ee49f7.jpg','連江縣南竿鄉馬祖村66號','26.160587','119.9198424','09:00:00','21:00:00','星期一',1,'連江縣',NULL),(947,'3207',NULL,'0836-25197#','甜甜屋','https://dgz2b3tzb57hl.cloudfront.net/4ddbdd52-4cda-4aa9-b753-ebfb087e9480.jpeg','連江縣南竿鄉馬祖村98號','26.160587','119.9198424','09:00:00','21:00:00','星期一',2,'連江縣',NULL),(948,'3206',NULL,'0836-23585#','舒心樓魚莊','https://dgz2b3tzb57hl.cloudfront.net/4ddbdd52-4cda-4aa9-b753-ebfb087e9480.jpeg','連江縣南竿鄉介壽村156-17號','26.1545215','119.9552627','09:00:00','21:00:00','星期一',3,'連江縣',NULL),(949,'3205',NULL,'0836-25069#','阿里巴巴飲食店','https://dgz2b3tzb57hl.cloudfront.net/69031175a710a925f5f26e1441d97daf.jpg','連江縣南竿鄉介壽村9鄰239號','26.1545215','119.9552627','09:00:00','21:00:00','星期一',4,'連江縣',NULL),(950,'3204',NULL,'0927195504','阿容的店','https://dgz2b3tzb57hl.cloudfront.net/00ef1ae98b0a0fa437ccae3322b22059.jpg','連江縣南竿鄉介壽村352號','26.1545215','119.9552627','09:00:00','21:00:00','星期一',5,'連江縣',NULL),(951,'3203',NULL,'06-6986968#','九品蓮花生態教育園區','https://dgz2b3tzb57hl.cloudfront.net/48d62c92f01f0eed2992af44b9759fc9.jpg','臺南市六甲區林鳳營109-1號','23.24510542','120.31692349','09:00:00','21:00:00','星期一',6,'台南市',NULL),(952,'3202',NULL,'03-4716635#','蔣府宴','https://dgz2b3tzb57hl.cloudfront.net/9a490b9f731dcd419d4dcc92185827c9.jpg','桃園市龍潭區高原路891號','24.831238','121.187011','09:00:00','21:00:00','星期一',7,'桃園市',NULL),(953,'3201',NULL,'03-4717211#358','小人國樂園-探索食堂','https://dgz2b3tzb57hl.cloudfront.net/4e14cb2d8dc1620981d020ce630acdd7.jpg','桃園市龍潭區高原路891號','24.831238','121.187011','09:00:00','21:00:00','星期一',8,'桃園市',NULL),(954,'3200',NULL,'0836-23480#','西尾半島物產店','https://dgz2b3tzb57hl.cloudfront.net/6864e76fd0addf228f1b6a016723b9e3.jpg','連江縣南竿鄉四維村21號','26.1704534','119.9205653','09:00:00','21:00:00','星期一',9,'連江縣',NULL),(955,'3199',NULL,'03-4717211#358','探索食堂','https://dgz2b3tzb57hl.cloudfront.net/2df1935ed2e198f2c000d0527e06a7bf.jpg','桃園市龍潭區高原路891號','24.831238','121.187011','09:00:00','21:00:00','星期一',10,'桃園市',NULL),(956,'3198',NULL,'03-5335288#','這味泰泰 Mrs. Thai-新竹巨城店','https://dgz2b3tzb57hl.cloudfront.net/3b33ee70d9ee49f7.jpg','新竹市東區中央路229號4樓','24.8094861','120.974721','09:00:00','21:00:00','星期一',1,'新竹市',NULL),(957,'3197',NULL,'03-6238411#','牛品牛排專賣店-新竹巨城店','https://dgz2b3tzb57hl.cloudfront.net/4ddbdd52-4cda-4aa9-b753-ebfb087e9480.jpeg','新竹市東區中央路229號4樓','24.8094861','120.974721','09:00:00','21:00:00','星期一',2,'新竹市',NULL),(958,'3196',NULL,'06-2903131#','地果咖啡 DeeGoo Cafe','https://dgz2b3tzb57hl.cloudfront.net/4ddbdd52-4cda-4aa9-b753-ebfb087e9480.jpeg','臺南市仁德區大同路三段838號','22.9477','120.2189513','09:00:00','21:00:00','星期一',3,'台南市',NULL),(959,'3195',NULL,'03- 5423696#','三商巧福-新竹巨城店','https://dgz2b3tzb57hl.cloudfront.net/69031175a710a925f5f26e1441d97daf.jpg','新竹市東區中央路229號4樓','24.8094861','120.974721','09:00:00','21:00:00','星期一',4,'新竹市',NULL),(960,'3194',NULL,'03-6238412#','八色烤肉mini-新竹巨城店','https://dgz2b3tzb57hl.cloudfront.net/00ef1ae98b0a0fa437ccae3322b22059.jpg','新竹市東區中央路229號4樓','24.8094861','120.974721','09:00:00','21:00:00','星期一',5,'新竹市',NULL),(961,'3193',NULL,'03-5426980#','點點心-新竹巨城店','https://dgz2b3tzb57hl.cloudfront.net/48d62c92f01f0eed2992af44b9759fc9.jpg','新竹市東區中央路229號4樓','24.8094861','120.974721','09:00:00','21:00:00','星期一',6,'新竹市',NULL),(962,'3192',NULL,'03-5313211#','MO-MO-PARADISE-新竹巨城店','https://dgz2b3tzb57hl.cloudfront.net/9a490b9f731dcd419d4dcc92185827c9.jpg','新竹市東區中央路229號4樓','24.8094861','120.974721','09:00:00','21:00:00','星期一',7,'新竹市',NULL),(963,'3191',NULL,'03-5152952#','大心新泰式麵食-新竹巨城店','https://dgz2b3tzb57hl.cloudfront.net/4e14cb2d8dc1620981d020ce630acdd7.jpg','新竹市東區中央路229號4樓','24.8094861','120.974721','09:00:00','21:00:00','星期一',8,'新竹市',NULL),(964,'3190',NULL,'03-5311822#','一風堂EXPRESS-新竹巨城店','https://dgz2b3tzb57hl.cloudfront.net/6864e76fd0addf228f1b6a016723b9e3.jpg','新竹市東區中央路229號4樓','24.8094861','120.974721','09:00:00','21:00:00','星期一',9,'新竹市',NULL),(965,'3189',NULL,'03-5152180#','PAUL 法國麵包甜點沙龍-新竹巨城店','https://dgz2b3tzb57hl.cloudfront.net/2df1935ed2e198f2c000d0527e06a7bf.jpg','新竹市東區中央路229號1樓','24.8094861','120.974721','09:00:00','21:00:00','星期一',10,'新竹市',NULL),(966,'3188',NULL,'03-6589999#','Polo Cafe-新竹巨城店','https://dgz2b3tzb57hl.cloudfront.net/3b33ee70d9ee49f7.jpg','新竹市東區中央路229號3樓','24.81001986','120.9742328','09:00:00','21:00:00','星期一',1,'新竹市',NULL),(967,'3187',NULL,'06-6861880#','龍湖山生態農莊','https://dgz2b3tzb57hl.cloudfront.net/4ddbdd52-4cda-4aa9-b753-ebfb087e9480.jpeg','臺南市東山區高原里高原109之6號','23.28326998','120.50148918','09:00:00','21:00:00','星期一',2,'台南市',NULL),(968,'3186',NULL,'06-6899121#','海墘本家餐廳','https://dgz2b3tzb57hl.cloudfront.net/4ddbdd52-4cda-4aa9-b753-ebfb087e9480.jpeg','臺南市下營區中山路二段159號','23.23025637','120.26314642','09:00:00','21:00:00','星期一',3,'台南市',NULL),(969,'3185',NULL,'03-3272988#288155','台灣美光員工餐廳(桃園)','https://dgz2b3tzb57hl.cloudfront.net/69031175a710a925f5f26e1441d97daf.jpg','桃園市龜山區復興三路667號5樓','25.03883854','121.3738703','09:00:00','21:00:00','星期一',4,'桃園市',NULL),(970,'3184',NULL,'02-82595577','築間幸福鍋物板橋雙十店','https://dgz2b3tzb57hl.cloudfront.net/00ef1ae98b0a0fa437ccae3322b22059.jpg','新北市板橋區新北市板橋區雙十路三段8號','25.0303246','121.4719943','09:00:00','21:00:00','星期一',5,'新北市',NULL),(971,'3183',NULL,'04-25256288','築間幸福鍋物豐原富陽店','https://dgz2b3tzb57hl.cloudfront.net/48d62c92f01f0eed2992af44b9759fc9.jpg','臺中市豐原區臺中市豐原區富陽路23號2樓','24.264146','120.745031','09:00:00','21:00:00','星期一',6,'台中市',NULL),(972,'3182',NULL,'07-3611155','築間幸福鍋物楠梓大學店','https://dgz2b3tzb57hl.cloudfront.net/9a490b9f731dcd419d4dcc92185827c9.jpg','高雄市楠梓區高雄市楠梓區藍田里大學東路165號','22.7287525','120.28988','09:00:00','21:00:00','星期一',7,'高雄市',NULL),(973,'3181',NULL,'02-29938068','築間幸福鍋物新莊福海店','https://dgz2b3tzb57hl.cloudfront.net/4e14cb2d8dc1620981d020ce630acdd7.jpg','新北市新莊區新北市新莊區中正路340巷1號2樓','25.0358103','121.4449029','09:00:00','21:00:00','星期一',8,'新北市',NULL),(974,'3180',NULL,'04-24621133','築間幸福鍋物台中中科店','https://dgz2b3tzb57hl.cloudfront.net/6864e76fd0addf228f1b6a016723b9e3.jpg','臺中市西屯區臺中市西屯區永安里國安一路8號','24.1904403','120.6155925','09:00:00','21:00:00','星期一',9,'台中市',NULL),(975,'3179',NULL,'02-26599555','燒肉Smile台北內湖店','https://dgz2b3tzb57hl.cloudfront.net/2df1935ed2e198f2c000d0527e06a7bf.jpg','臺北市內湖區台北市內湖區內湖路一段320號','25.0815289','121.5697476','09:00:00','21:00:00','星期一',10,'台北市',NULL),(976,'2177',NULL,'06-2680765','Q Burger台南崇義店','https://dgz2b3tzb57hl.cloudfront.net/3b33ee70d9ee49f7.jpg','臺南市崇德路452號1樓','22.9746846','120.22631371','09:00:00','21:00:00','星期一',1,'台南市',NULL),(977,'2176',NULL,'06-2430404','Q Burger永康鹽行店','https://dgz2b3tzb57hl.cloudfront.net/4ddbdd52-4cda-4aa9-b753-ebfb087e9480.jpeg','臺南市永康區中正七街96、98號','23.04115395','120.24052084','09:00:00','21:00:00','星期一',2,'台南市',NULL),(978,'2175',NULL,'06-2098245','Q Burger台南裕豐店','https://dgz2b3tzb57hl.cloudfront.net/4ddbdd52-4cda-4aa9-b753-ebfb087e9480.jpeg','臺南市裕豐街154、156號1-2樓','22.98701376','120.2271538','09:00:00','21:00:00','星期一',3,'台南市',NULL),(979,'2174',NULL,'06-2511528','Q Burger台南公園店','https://dgz2b3tzb57hl.cloudfront.net/69031175a710a925f5f26e1441d97daf.jpg','臺南市公園路359號1樓','23.00543395','120.210384','09:00:00','21:00:00','星期一',4,'台南市',NULL),(980,'2173',NULL,'06-2089561','Q Burger永康中華二店','https://dgz2b3tzb57hl.cloudfront.net/00ef1ae98b0a0fa437ccae3322b22059.jpg','臺南市永康區中華二路340巷6號','23.00866263','120.23125017','09:00:00','21:00:00','星期一',5,'台南市',NULL),(981,'2172',NULL,'06-2717885','Q Burger永康永華店','https://dgz2b3tzb57hl.cloudfront.net/48d62c92f01f0eed2992af44b9759fc9.jpg','臺南市永康區永華路226.228號','23.0096051','120.259753','09:00:00','21:00:00','星期一',6,'台南市',NULL),(982,'2171',NULL,'06-2675853','Q Burger台南崇德店','https://dgz2b3tzb57hl.cloudfront.net/9a490b9f731dcd419d4dcc92185827c9.jpg','臺南市崇德路787號','22.9662241','120.22761657','09:00:00','21:00:00','星期一',7,'台南市',NULL),(983,'2170',NULL,'02-24288577','Q Burger基隆義六店','https://dgz2b3tzb57hl.cloudfront.net/4e14cb2d8dc1620981d020ce630acdd7.jpg','基隆市義六路17號','25.12981575','121.7510613','09:00:00','21:00:00','星期一',8,'基隆市',NULL),(984,'2169',NULL,'02-24683951','Q Burger基隆深溪店','https://dgz2b3tzb57hl.cloudfront.net/6864e76fd0addf228f1b6a016723b9e3.jpg','基隆市深溪路71號1樓','25.13324836','121.7822539','09:00:00','21:00:00','星期一',9,'基隆市',NULL),(985,'2168',NULL,'02-24690276','Q Burger基隆新豐店','https://dgz2b3tzb57hl.cloudfront.net/2df1935ed2e198f2c000d0527e06a7bf.jpg','基隆市新豐街401號','25.1352988','121.78512107','09:00:00','21:00:00','星期一',10,'基隆市',NULL),(986,'2167',NULL,'02-24250212','Q Burger基隆愛六店','https://dgz2b3tzb57hl.cloudfront.net/3b33ee70d9ee49f7.jpg','基隆市仁愛區愛六路5號、9號1樓','25.12777135','121.74726607','09:00:00','21:00:00','星期一',1,'基隆市',NULL),(987,'2153',NULL,'04-23148100','Q Burger台中忠明店','https://dgz2b3tzb57hl.cloudfront.net/4ddbdd52-4cda-4aa9-b753-ebfb087e9480.jpeg','臺中市西區博館路277號1樓','24.1599813','120.65937742','09:00:00','21:00:00','星期一',2,'台中市',NULL),(988,'2152',NULL,'04-24528651','Q Burger西屯上安店','https://dgz2b3tzb57hl.cloudfront.net/4ddbdd52-4cda-4aa9-b753-ebfb087e9480.jpeg','臺中市西屯區上安路36號','24.17012357','120.64164811','09:00:00','21:00:00','星期一',3,'台中市',NULL),(989,'2151',NULL,'04-23055008','Q Burger台中模範店','https://dgz2b3tzb57hl.cloudfront.net/69031175a710a925f5f26e1441d97daf.jpg','臺中市西區模範街11-1號1樓','24.14800829','120.6664748','09:00:00','21:00:00','星期一',4,'台中市',NULL),(990,'2150',NULL,'04-25606270','Q Burger台中大雅店','https://dgz2b3tzb57hl.cloudfront.net/00ef1ae98b0a0fa437ccae3322b22059.jpg','臺中市大雅區學府路406號','24.22734115','120.6480993','09:00:00','21:00:00','星期一',5,'台中市',NULL),(991,'2149',NULL,'04-23201325','Q Burger台中精誠店','https://dgz2b3tzb57hl.cloudfront.net/48d62c92f01f0eed2992af44b9759fc9.jpg','臺中市西區精誠路197號','24.14844557','120.65537221','09:00:00','21:00:00','星期一',6,'台中市',NULL),(992,'2148',NULL,'04-24965552','Q Burger大里仁化店','https://dgz2b3tzb57hl.cloudfront.net/9a490b9f731dcd419d4dcc92185827c9.jpg','臺中市大里區仁化路415號1樓','24.09603758','120.70303977','09:00:00','21:00:00','星期一',7,'台中市',NULL),(993,'2147',NULL,'04-22430787','Q Burger北屯豐田店','https://dgz2b3tzb57hl.cloudfront.net/4e14cb2d8dc1620981d020ce630acdd7.jpg','臺中市北屯區大連路三段179、181號','24.17450424','120.69615154','09:00:00','21:00:00','星期一',8,'台中市',NULL),(994,'2146',NULL,'04-24738261','Q Burger南屯天廈店','https://dgz2b3tzb57hl.cloudfront.net/6864e76fd0addf228f1b6a016723b9e3.jpg','臺中市南屯區南屯路二段167號','24.13596059','120.65102337','09:00:00','21:00:00','星期一',9,'台中市',NULL),(995,'2145',NULL,'04-23935290','Q Burger太平樹孝店','https://dgz2b3tzb57hl.cloudfront.net/2df1935ed2e198f2c000d0527e06a7bf.jpg','臺中市太平區樹孝路6-5、6-6號','24.14968728','120.71627304','09:00:00','21:00:00','星期一',10,'台中市',NULL),(996,'2144',NULL,'04-22991907','Q Burger西屯長安店','https://dgz2b3tzb57hl.cloudfront.net/3b33ee70d9ee49f7.jpg','臺中市西屯區長安路二段1號1樓','24.17262217','120.661119','09:00:00','21:00:00','星期一',1,'台中市',NULL),(997,'2143',NULL,'04-25346685','Q Burger潭子圓通店','https://dgz2b3tzb57hl.cloudfront.net/4ddbdd52-4cda-4aa9-b753-ebfb087e9480.jpeg','臺中市潭子區圓通南路192號一樓','24.20722239','120.7045279','09:00:00','21:00:00','星期一',2,'台中市',NULL),(998,'2130',NULL,'02-26276424','Q Burger內湖麗山店','https://dgz2b3tzb57hl.cloudfront.net/4ddbdd52-4cda-4aa9-b753-ebfb087e9480.jpeg','臺北市內湖區內湖路一段629巷41號1樓','25.08155843','121.57502817','09:00:00','21:00:00','星期一',3,'台北市',NULL),(999,'2129',NULL,'02-27565258','Q Burger松山南京五店','https://dgz2b3tzb57hl.cloudfront.net/69031175a710a925f5f26e1441d97daf.jpg','臺北市松山區南京東路五段250巷18弄2-1號','25.04982542','121.56615417','09:00:00','21:00:00','星期一',4,'台北市',NULL),(1000,'2128',NULL,'0979112170','炎螺王 中和環球','https://dgz2b3tzb57hl.cloudfront.net/00ef1ae98b0a0fa437ccae3322b22059.jpg','新北市中和區中山路三段122號3F','25.0066821','121.4747789','09:00:00','21:00:00','星期一',5,'新北市',NULL),(1001,'2127',NULL,'0983696613','台灣G湯 中和環球','https://dgz2b3tzb57hl.cloudfront.net/48d62c92f01f0eed2992af44b9759fc9.jpg','新北市中和區中山路三段122號3F','25.0066821','121.4747789','09:00:00','21:00:00','星期一',6,'新北市',NULL),(1002,'2126',NULL,'02-77317999#7017','丸龜製麵 中和環球','https://dgz2b3tzb57hl.cloudfront.net/9a490b9f731dcd419d4dcc92185827c9.jpg','新北市中和區中山路三段122號3F','25.0066821','121.4747789','09:00:00','21:00:00','星期一',7,'新北市',NULL),(1003,'2125',NULL,'02-32343699#','麵家三士 中和環球','https://dgz2b3tzb57hl.cloudfront.net/4e14cb2d8dc1620981d020ce630acdd7.jpg','新北市中和區中山路三段122號3F','25.00667238','121.4747789','09:00:00','21:00:00','星期一',8,'新北市',NULL),(1004,'2124',NULL,'02-77313499#','雪嶽山 中和環球','https://dgz2b3tzb57hl.cloudfront.net/6864e76fd0addf228f1b6a016723b9e3.jpg','新北市中和區中山路三段122號3F','25.0066821','121.4747789','09:00:00','21:00:00','星期一',9,'新北市',NULL),(1005,'2123',NULL,'03-3609292#','八番赤野中和環球','https://dgz2b3tzb57hl.cloudfront.net/2df1935ed2e198f2c000d0527e06a7bf.jpg','新北市中和區中山路三段122號3F','25.00667238','121.4747789','09:00:00','21:00:00','星期一',10,'新北市',NULL);
/*!40000 ALTER TABLE `merchant` ENABLE KEYS */;
UNLOCK TABLES;

--
-- Table structure for table `new_order`
--

DROP TABLE IF EXISTS `new_order`;
/*!40101 SET @saved_cs_client     = @@character_set_client */;
/*!50503 SET character_set_client = utf8mb4 */;
CREATE TABLE `new_order` (
  `order_id` varchar(50) DEFAULT NULL,
  `member_id` int DEFAULT NULL,
  `merchant_id` int DEFAULT NULL,
  `item` varchar(255) DEFAULT NULL,
  `piece` varchar(50) DEFAULT NULL,
  `price` varchar(10) DEFAULT NULL,
  `destination` varchar(255) DEFAULT NULL,
  `lat` varchar(50) DEFAULT NULL,
  `lng` varchar(50) DEFAULT NULL,
  `status` varchar(30) DEFAULT 'pending',
  `delever` varchar(30) DEFAULT NULL,
  `requireTime` int DEFAULT NULL
) ENGINE=InnoDB DEFAULT CHARSET=utf8mb4 COLLATE=utf8mb4_0900_ai_ci;
/*!40101 SET character_set_client = @saved_cs_client */;

--
-- Dumping data for table `new_order`
--

LOCK TABLES `new_order` WRITE;
/*!40000 ALTER TABLE `new_order` DISABLE KEYS */;
INSERT INTO `new_order` VALUES ('d7c0b3c5-81af-4efa-ae62-f95981088c2e',4,4,'烤全雞','1','300','704台南市北區公園北路3號','23.0038507','120.212192','accepted',NULL,NULL),('d7c0b3c5-81af-4efa-ae62-f95981088c2e',4,4,'烤全雞','1','300','704台南市北區公園北路3號','23.0038507','120.212192','accepted',NULL,NULL),('286d8ca8-9a55-45e6-8b5a-81287cdbdca4',4,4,'烤全雞','1','300','807高雄市三民區大順二路468號9樓','22.649382','120.3249694','accepted','member1',14),('a6a288a3-42fb-44cf-9c04-c68d6e7eef6b',4,4,'烤全雞','1','300','806高雄市前鎮區新光路61號','22.6104438','120.3017989','accepted','member1',31),('b2414c2a-24cf-41d6-b01c-a18b56973360',4,4,'烤全雞','1','300','807高雄市三民區九如一路','22.6388613','120.3292723','accepted','member1',15),('e1d43338-c1ac-4390-9887-a69db2150102',4,4,'烤全雞','1','300','807高雄市三民區大順二路468號9樓','22.649382','120.3249694','accepted','member1',14),('48a25fd9-6263-4869-8fdd-85f3201cea82',4,4,'烤全雞','1','300','807高雄市三民區大順二路468號9樓','22.649382','120.3249694','accepted','member1',14),('48757bd9-73cb-46ab-bb0c-5b8b2e5ee529',4,4,'烤全雞','1','300','807高雄市三民區大順二路468號9樓','22.649382','120.3249694','accepted','member1',14),('1e72e043-31a7-43bf-b9e8-6a24d7dc7e5a',4,4,'烤全雞','1','300','807高雄市三民區大順二路468號9樓','22.649382','120.3249694','accepted','member1',14),('1e72e043-31a7-43bf-b9e8-6a24d7dc7e5a',4,4,'烤全雞','1','300','807高雄市三民區大順二路468號9樓','22.649382','120.3249694','accepted','member1',14),('e78ba8d1-0765-4d60-950c-84c7953492f5',4,4,'烤全雞','1','300','807高雄市三民區大順二路468號9樓','22.649382','120.3249694','accepted','member1',14),('4aa3fde2-4ed7-4c1b-ada1-0ec309d655bc',4,4,'烤全雞','1','300','807高雄市三民區大順二路468號9樓','22.649382','120.3249694','accepted','member1',14),('e3e25e97-3df3-4d0b-9dcb-d1c0902a8868',4,4,'烤全雞','1','300','807高雄市三民區大順二路468號9樓','22.649382','120.3249694','accepted','member1',14),('0a85d18c-e0f0-45ad-910a-208d959c0477',4,4,'烤全雞','1','300','807高雄市三民區大順二路468號9樓','22.649382','120.3249694','accepted','member1',14),('97aa9958-66e4-4c39-b19f-d1251226c085',4,4,'烤全雞','1','300','807高雄市三民區大順二路468號9樓','22.649382','120.3249694','accepted','member1',14),('5ba6618d-ca98-45df-8177-39eb05c2603c',4,4,'烤全雞','1','300','807高雄市三民區大順二路468號9樓','22.649382','120.3249694','accepted','member1',14),('53eb2de3-9eac-44a6-8709-f67d2dc6cc8c',4,4,'烤全雞','1','300','807高雄市三民區大順二路468號9樓','22.649382','120.3249694','accepted','member1',14),('bf118205-8fe2-4567-8502-934bbd0c9f1d',4,4,'烤全雞','1','300','807高雄市三民區大順二路468號9樓','22.649382','120.3249694','accepted','member1',14),('7e6ca669-ff4c-47ce-8ffa-ac88e2f7a791',4,4,'烤全雞','1','300','807高雄市三民區大順二路468號9樓','22.649382','120.3249694','accepted','member1',14),('0ddc46f5-e75c-4722-a47d-309b1b85b27c',4,4,'烤全雞','1','300','807高雄市三民區大順二路468號9樓','22.649382','120.3249694','accepted','member1',14),('035c10e9-c310-4af3-9c34-ede8a0036d57',4,4,'烤全雞','1','300','807高雄市三民區大順二路468號9樓','22.649382','120.3249694','accepted','member1',14),('2d3bc0f4-3fda-443e-a376-4b6cd64f0915',4,4,'烤全雞','1','300','807高雄市三民區大順二路468號9樓','22.649382','120.3249694','accepted','member1',14),('2554a9e1-34da-4af3-b5dc-8a3130715f57',4,4,'烤全雞','1','300','806高雄市前鎮區新光路61號','22.6104438','120.3017989','accepted','member1',31),('7c39bac2-3eb5-4e63-8bbc-5455bf003f32',4,4,'烤全雞','1','300','807高雄市三民區大順二路468號9樓','22.649382','120.3249694','accepted','member1',14),('7c39bac2-3eb5-4e63-8bbc-5455bf003f32',4,4,'烤全雞','1','300','807高雄市三民區大順二路468號9樓','22.649382','120.3249694','accepted','member1',14),('d0f28df9-f776-4839-bf19-086ab829f263',4,4,'烤全雞','1','300','807高雄市三民區大順二路468號9樓','22.649382','120.3249694','accepted','member1',14),('c403d261-e269-4061-8b3e-53e8df292a39',1,2,'水煮雞肉健康餐盒','1','120','710038台南市永康區康橋大道255號','23.0247416','120.2376688','accepted','member6',24),('ff118b6d-8603-45ac-832b-701fd3d5bba7',1,2,'水煮雞肉健康餐盒','1','120','710038台南市永康區康橋大道255號','23.0247416','120.2376688','accepted','member1',24),('1ebabe86-2d92-443e-84a3-8aa42b5e3502',1,2,'水煮雞肉健康餐盒','1','120','737台南市鹽水區武廟路87號','23.32382339999999','120.2657785','accepted','member6',57),('01bd7662-b8f2-46bf-b822-14b1dc545e6b',1,2,'水煮雞肉健康餐盒','1','120','710038台南市永康區康橋大道255號','23.0247416','120.2376688','accepted','member6',24),('8db4081f-61ad-4959-858f-f46527ca1b5a',1,2,'水煮雞肉健康餐盒','1','120','710038台南市永康區康橋大道255號','23.0247416','120.2376688','accepted','member6',24),('4cf26384-0647-4eee-8615-4e0511beef23',1,2,'水煮雞肉健康餐盒','1','120','744台南市新市區南科三路','23.0977104','120.2759224','accepted','member6',42),('ab203795-b64e-4081-892a-5bbc57380b25',6,2,'水煮雞肉健康餐盒','1','120','710038台南市永康區康橋大道255號','23.0247416','120.2376688','accepted','member1',23),('fa32976d-4f43-46f7-acc1-116b13a0fd86',6,2,'水煮雞肉健康餐盒','1','120','710038台南市永康區康橋大道255號','23.0247416','120.2376688','accepted','member1',24),('11d467ad-2dd5-43ae-96e1-10e47779aee1',6,2,'水煮雞肉健康餐盒','1','120','710038台南市永康區康橋大道255號','23.0247416','120.2376688','delivered','member1',24),('8259b55f-e821-46cd-b83e-834dd6c61c35',6,2,'水煮雞肉健康餐盒','1','120','744台南市新市區民生路112號','23.0802422','120.2883833','accepted','member1',41),('5a4a2719-5351-4b8e-bfe0-ba7f9fe699ec',6,2,'水煮雞肉健康餐盒','1','120','710038台南市永康區康橋大道255號','23.0247416','120.2376688','accepted','member1',24),('a9d21c87-87ac-41ea-9fd5-b0917b41298a',6,2,'水煮雞肉健康餐盒','1','120','710台南市永康區鹽行路2號','23.0424186','120.2370964','delivered','member1',29),('77cefc3c-f98e-40ea-ad16-116b33197e58',6,2,'水煮雞肉健康餐盒','1','120','710038台南市永康區康橋大道255號','23.0247416','120.2376688','delivered','member1',24),('06350a92-06bc-4277-9eb5-b898382d4550',6,2,'水煮雞肉健康餐盒','1','120','710038台南市永康區康橋大道255號','23.0247416','120.2376688','accepted','member1',24),('7c4c8a38-4462-4832-bdd6-e9c0cc0a6390',6,2,'水煮雞肉健康餐盒','1','120','710038台南市永康區康橋大道255號','23.0247416','120.2376688','delivered','member1',16),('40c92f4a-e01e-4fee-8855-c12c5a166cc5',6,2,'水煮雞肉健康餐盒','1','120','710038台南市永康區康橋大道255號','23.0247416','120.2376688','canceled','member1',24),('ebdb9bf6-eb87-4768-aa5e-ffce3fcdce63',6,2,'水煮雞肉健康餐盒','1','120','710038台南市永康區康橋大道255號','23.0247416','120.2376688','canceled','member1',24),('684e182f-04b6-4a27-858c-a868d93d1077',6,2,'水煮雞肉健康餐盒','1','120','710038台南市永康區康橋大道255號','23.0247416','120.2376688','delivered','member1',24),('bda2ffdc-79c2-40b9-8a45-207e75f0d877',6,2,'水煮雞肉健康餐盒','1','120','710038台南市永康區康橋大道255號','23.0247416','120.2376688','delivered','member1',24),('d5a897d6-4441-4624-b638-4a1ca127fb77',6,1,'原味蛋餅','1','30','710038台南市永康區康橋大道255號','23.0247416','120.2376688','canceled','member1',26),('d5a897d6-4441-4624-b638-4a1ca127fb77',6,1,'泡菜蛋餅','1','40','710038台南市永康區康橋大道255號','23.0247416','120.2376688','canceled','member1',26),('d5a897d6-4441-4624-b638-4a1ca127fb77',6,1,'總匯三明治','1','50','710038台南市永康區康橋大道255號','23.0247416','120.2376688','canceled','member1',26),('95d898cc-4b69-4dff-b628-38d2f728e34d',6,1,'原味蛋餅','1','30','710台南市永康區中正路529號','23.0393401','120.2391669','delivered','member1',32),('70fb24a2-b9bd-4869-9389-4906e9469f4e',1,4,'烤全雞','1','300','806高雄市前鎮區新光路61號','22.6104438','120.3017989','delivered','member1',31),('6077ce57-89ec-4490-889c-389092367e5e',1,4,'烤全雞','1','300','807高雄市三民區建工路419號','22.6503468','120.3264388','delivered','member1',15);
/*!40000 ALTER TABLE `new_order` ENABLE KEYS */;
UNLOCK TABLES;

--
-- Table structure for table `shop_category`
--

DROP TABLE IF EXISTS `shop_category`;
/*!40101 SET @saved_cs_client     = @@character_set_client */;
/*!50503 SET character_set_client = utf8mb4 */;
CREATE TABLE `shop_category` (
  `category_id` int NOT NULL AUTO_INCREMENT,
  `category_name` varchar(50) DEFAULT NULL,
  `category_photo` varchar(255) DEFAULT NULL,
  PRIMARY KEY (`category_id`)
) ENGINE=InnoDB AUTO_INCREMENT=11 DEFAULT CHARSET=utf8mb4 COLLATE=utf8mb4_0900_ai_ci;
/*!40101 SET character_set_client = @saved_cs_client */;

--
-- Dumping data for table `shop_category`
--

LOCK TABLES `shop_category` WRITE;
/*!40000 ALTER TABLE `shop_category` DISABLE KEYS */;
INSERT INTO `shop_category` VALUES (1,'主食','../static/image/shop_category/spaghetti.png'),(2,'燒烤/小吃','../static/image/shop_category/BBQ.png'),(3,'素食','../static/image/shop_category/vegan.png'),(4,'飲品','../static/image/shop_category/bubble-tea.png'),(5,'冰品/甜點','../static/image/shop_category/desert.png'),(6,'健康餐盒','../static/image/shop_category/healthy_food.png'),(7,'早餐','../static/image/shop_category/breakfast.png'),(8,'麵包','../static/image/shop_category/bread.png'),(9,'生鮮雜貨','../static/image/shop_category/grocery.png'),(10,'咖啡廳','../static/image/shop_category/coffee.png');
/*!40000 ALTER TABLE `shop_category` ENABLE KEYS */;
UNLOCK TABLES;
/*!40103 SET TIME_ZONE=@OLD_TIME_ZONE */;

/*!40101 SET SQL_MODE=@OLD_SQL_MODE */;
/*!40014 SET FOREIGN_KEY_CHECKS=@OLD_FOREIGN_KEY_CHECKS */;
/*!40014 SET UNIQUE_CHECKS=@OLD_UNIQUE_CHECKS */;
/*!40101 SET CHARACTER_SET_CLIENT=@OLD_CHARACTER_SET_CLIENT */;
/*!40101 SET CHARACTER_SET_RESULTS=@OLD_CHARACTER_SET_RESULTS */;
/*!40101 SET COLLATION_CONNECTION=@OLD_COLLATION_CONNECTION */;
/*!40111 SET SQL_NOTES=@OLD_SQL_NOTES */;

-- Dump completed on 2023-11-30  9:13:40
